Sr. No.,P1,P2,Output_KNN_K5,Output_logi,Output_NativeB
0,838,889,1,0,0
1,905,1330,1,0,0
2,859,875,1,0,0
3,861,874,1,0,0
4,857,869,1,0,0
5,1249,1266,0,0,0
6,903,1312,1,0,0
7,932,1347,1,0,0
8,936,1342,1,0,0
9,829,882,1,0,0
10,846,894,1,0,0
11,938,1305,1,0,0
12,835,876,1,0,0
13,902,1314,1,0,0
14,943,1341,1,0,0
15,935,1330,1,0,0
16,920,1350,1,0,0
17,936,1316,1,0,0
18,927,1326,1,0,0
19,933,1334,1,0,0
20,863,898,1,0,0
21,1234,1271,0,0,0
22,842,898,1,0,0
23,909,1345,1,0,0
24,907,1306,1,0,0
25,1254,1272,0,0,0
26,829,887,1,0,0
27,860,879,1,0,0
28,923,1317,1,0,0
29,839,879,1,0,0
30,841,876,1,0,0
31,831,876,1,0,0
32,1240,1283,0,0,0
33,1237,1275,0,0,0
34,933,1321,1,0,0
35,902,1337,1,0,0
36,1228,1269,0,0,0
37,924,1317,1,0,0
38,937,1331,1,0,0
39,920,1308,1,0,0
40,916,1337,1,0,0
41,915,1323,1,0,0
42,937,1315,1,0,0
43,929,1309,1,0,0
44,1248,1266,0,0,0
45,946,1304,1,0,0
46,912,1303,1,0,0
47,841,866,1,0,0
48,943,1331,1,0,0
49,1263,1282,0,0,0
50,846,875,1,0,0
51,861,892,1,0,0
52,1247,1267,0,0,0
53,907,1317,1,0,0
54,1243,1298,0,0,0
55,1247,1280,0,0,0
56,832,872,1,0,0
57,847,890,1,0,0
58,1225,1278,0,0,0
59,1228,1279,0,0,0
60,1237,1295,0,0,0
61,915,1337,1,0,0
62,901,1304,1,0,0
63,939,1302,1,0,0
64,856,882,1,0,0
65,905,1307,1,0,0
66,842,894,1,0,0
67,841,888,1,0,0
68,933,1303,1,0,0
69,1238,1293,0,0,0
70,1237,1277,0,0,0
71,832,883,1,0,0
72,829,876,1,0,0
73,1228,1284,0,0,0
74,926,1325,1,0,0
75,915,1301,1,0,0
76,1225,1268,0,0,0
77,907,1303,1,0,0
78,1231,1291,0,0,0
79,914,1315,1,0,0
80,921,1320,1,0,0
81,912,1320,1,0,0
82,852,885,1,0,0
83,1229,1292,0,0,0
84,912,1345,1,0,0
85,928,1326,1,0,0
86,905,1350,1,0,0
87,911,1305,1,0,0
88,932,1349,1,0,0
89,903,1309,1,0,0
90,935,1319,1,0,0
91,945,1341,1,0,0
92,829,884,1,0,0
93,1249,1272,0,0,0
94,1247,1291,0,0,0
95,926,1319,1,0,0
96,930,1307,1,0,0
97,1250,1290,0,0,0
98,863,893,1,0,0
99,924,1348,1,0,0
100,862,870,1,0,0
101,940,1322,1,0,0
102,1239,1268,0,0,0
103,1231,1296,0,0,0
104,929,1339,1,0,0
105,907,1332,1,0,0
106,939,1338,1,0,0
107,858,899,1,0,0
108,945,1328,1,0,0
109,936,1315,1,0,0
110,901,1342,1,0,0
111,1243,1294,0,0,0
112,1230,1290,0,0,0
113,903,1306,1,0,0
114,917,1320,1,0,0
115,850,871,1,0,0
116,1225,1286,0,0,0
117,941,1338,1,0,0
118,1237,1282,0,0,0
119,927,1342,1,0,0
120,922,1310,1,0,0
121,943,1301,1,0,0
122,850,886,1,0,0
123,902,1348,1,0,0
124,862,886,1,0,0
125,862,893,1,0,0
126,906,1339,1,0,0
127,917,1303,1,0,0
128,916,1346,1,0,0
129,1238,1284,0,0,0
130,926,1337,1,0,0
131,849,898,1,0,0
132,917,1333,1,0,0
133,864,887,1,0,0
134,1264,1291,0,0,0
135,837,886,1,0,0
136,859,879,1,0,0
137,1229,1280,0,0,0
138,859,893,1,0,0
139,939,1318,1,0,0
140,848,878,1,0,0
141,919,1331,1,0,0
142,832,898,1,0,0
143,1263,1280,0,0,0
144,917,1341,1,0,0
145,1232,1279,0,0,0
146,908,1337,1,0,0
147,916,1321,1,0,0
148,1244,1287,0,0,0
149,934,1304,1,0,0
150,911,1308,1,0,0
151,913,1310,1,0,0
152,912,1312,1,0,0
153,1264,1296,0,0,0
154,902,1333,1,0,0
155,906,1323,1,0,0
156,929,1345,1,0,0
157,914,1326,1,0,0
158,927,1329,1,0,0
159,914,1334,1,0,0
160,829,868,1,0,0
161,828,890,1,0,0
162,1247,1295,0,0,0
163,932,1319,1,0,0
164,933,1313,1,0,0
165,861,873,1,0,0
166,864,876,1,0,0
167,917,1347,1,0,0
168,1231,1298,0,0,0
169,939,1342,1,0,0
170,828,879,1,0,0
171,831,893,1,0,0
172,1237,1283,0,0,0
173,1248,1292,0,0,0
174,902,1313,1,0,0
175,901,1325,1,0,0
176,861,872,1,0,0
177,913,1329,1,0,0
178,852,877,1,0,0
179,1233,1278,0,0,0
180,928,1328,1,0,0
181,863,881,1,0,0
182,843,875,1,0,0
183,833,867,1,0,0
184,935,1320,1,0,0
185,922,1335,1,0,0
186,1231,1287,0,0,0
187,934,1350,1,0,0
188,906,1332,1,0,0
189,911,1333,1,0,0
190,1238,1295,0,0,0
191,861,888,1,0,0
192,907,1316,1,0,0
193,935,1317,1,0,0
194,925,1345,1,0,0
195,922,1315,1,0,0
196,921,1307,1,0,0
197,833,876,1,0,0
198,905,1310,1,0,0
199,838,894,1,0,0
200,826,887,1,0,0
201,926,1331,1,0,0
202,828,871,1,0,0
203,1254,1267,0,0,0
204,1229,1272,0,0,0
205,938,1301,1,0,0
206,916,1341,1,0,0
207,929,1335,1,0,0
208,919,1341,1,0,0
209,855,881,1,0,0
210,946,1323,1,0,0
211,839,868,1,0,0
212,932,1338,1,0,0
213,842,868,1,0,0
214,912,1311,1,0,0
215,915,1307,1,0,0
216,930,1302,1,0,0
217,840,875,1,0,0
218,902,1302,1,0,0
219,1255,1270,0,0,0
220,1225,1266,0,0,0
221,1240,1269,0,0,0
222,1253,1277,0,0,0
223,936,1305,1,0,0
224,904,1326,1,0,0
225,910,1331,1,0,0
226,902,1309,1,0,0
227,844,886,1,0,0
228,856,896,1,0,0
229,845,890,1,0,0
230,849,867,1,0,0
231,857,888,1,0,0
232,1252,1295,0,0,0
233,921,1317,1,0,0
234,905,1349,1,0,0
235,932,1339,1,0,0
236,1264,1283,0,0,0
237,854,866,1,0,0
238,935,1348,1,0,0
239,938,1332,1,0,0
240,911,1315,1,0,0
241,929,1330,1,0,0
242,1240,1271,0,0,0
243,1234,1299,0,0,0
244,914,1331,1,0,0
245,932,1325,1,0,0
246,825,894,1,0,0
247,901,1307,1,0,0
248,1241,1282,0,0,0
249,915,1324,1,0,0
250,1226,1268,0,0,0
251,912,1340,1,0,0
252,860,885,1,0,0
253,851,887,1,0,0
254,835,897,1,0,0
255,934,1349,1,0,0
256,913,1341,1,0,0
257,935,1315,1,0,0
258,937,1318,1,0,0
259,848,891,1,0,0
260,1251,1292,0,0,0
261,827,887,1,0,0
262,859,890,1,0,0
263,854,882,1,0,0
264,853,898,1,0,0
265,1246,1295,0,0,0
266,840,897,1,0,0
267,906,1325,1,0,0
268,826,885,1,0,0
269,1244,1281,0,0,0
270,945,1325,1,0,0
271,912,1302,1,0,0
272,939,1330,1,0,0
273,915,1316,1,0,0
274,849,871,1,0,0
275,941,1302,1,0,0
276,848,898,1,0,0
277,944,1322,1,0,0
278,1253,1269,0,0,0
279,929,1314,1,0,0
280,828,888,1,0,0
281,1256,1267,0,0,0
282,923,1314,1,0,0
283,1225,1295,0,0,0
284,1239,1271,0,0,0
285,908,1350,1,0,0
286,864,880,1,0,0
287,1248,1270,0,0,0
288,1239,1293,0,0,0
289,1229,1275,0,0,0
290,834,866,1,0,0
291,1232,1269,0,0,0
292,825,882,1,0,0
293,934,1337,1,0,0
294,1231,1280,0,0,0
295,943,1337,1,0,0
296,859,894,1,0,0
297,827,888,1,0,0
298,1230,1297,0,0,0
299,941,1304,1,0,0
300,1236,1281,0,0,0
301,917,1350,1,0,0
302,942,1307,1,0,0
303,901,1319,1,0,0
304,921,1314,1,0,0
305,903,1336,1,0,0
306,1240,1281,0,0,0
307,922,1342,1,0,0
308,912,1307,1,0,0
309,916,1306,1,0,0
310,934,1323,1,0,0
311,1255,1279,0,0,0
312,856,880,1,0,0
313,902,1315,1,0,0
314,929,1310,1,0,0
315,919,1301,1,0,0
316,929,1341,1,0,0
317,944,1327,1,0,0
318,935,1335,1,0,0
319,1244,1286,0,0,0
320,1232,1296,0,0,0
321,848,886,1,0,0
322,935,1316,1,0,0
323,901,1349,1,0,0
324,938,1315,1,0,0
325,857,867,1,0,0
326,1232,1288,0,0,0
327,1261,1279,0,0,0
328,938,1312,1,0,0
329,913,1309,1,0,0
330,855,889,1,0,0
331,936,1324,1,0,0
332,1263,1274,0,0,0
333,904,1333,1,0,0
334,1232,1283,0,0,0
335,920,1324,1,0,0
336,1241,1276,0,0,0
337,919,1349,1,0,0
338,921,1331,1,0,0
339,929,1320,1,0,0
340,1247,1271,0,0,0
341,1252,1288,0,0,0
342,946,1313,1,0,0
343,944,1315,1,0,0
344,847,875,1,0,0
345,934,1322,1,0,0
346,858,875,1,0,0
347,834,871,1,0,0
348,1238,1281,0,0,0
349,904,1345,1,0,0
350,1254,1293,0,0,0
351,834,897,1,0,0
352,918,1344,1,0,0
353,1255,1278,0,0,0
354,855,899,1,0,0
355,922,1307,1,0,0
356,1254,1286,0,0,0
357,923,1339,1,0,0
358,939,1312,1,0,0
359,1237,1290,0,0,0
360,943,1348,1,0,0
361,850,866,1,0,0
362,1239,1267,0,0,0
363,1241,1278,0,0,0
364,914,1329,1,0,0
365,1258,1269,0,0,0
366,945,1338,1,0,0
367,924,1326,1,0,0
368,1257,1281,0,0,0
369,858,866,1,0,0
370,841,870,1,0,0
371,1247,1279,0,0,0
372,1235,1298,0,0,0
373,901,1339,1,0,0
374,828,893,1,0,0
375,858,880,1,0,0
376,855,892,1,0,0
377,911,1345,1,0,0
378,912,1331,1,0,0
379,1243,1266,0,0,0
380,935,1306,1,0,0
381,934,1316,1,0,0
382,940,1313,1,0,0
383,1263,1267,0,0,0
384,1251,1282,0,0,0
385,942,1318,1,0,0
386,1258,1282,0,0,0
387,912,1304,1,0,0
388,1225,1299,0,0,0
389,939,1304,1,0,0
390,945,1316,1,0,0
391,855,879,1,0,0
392,939,1315,1,0,0
393,910,1323,1,0,0
394,837,897,1,0,0
395,1248,1278,0,0,0
396,1247,1286,0,0,0
397,1245,1297,0,0,0
398,1235,1294,0,0,0
399,831,895,1,0,0
400,940,1342,1,0,0
401,903,1322,1,0,0
402,907,1331,1,0,0
403,907,1344,1,0,0
404,851,871,1,0,0
405,1243,1299,0,0,0
406,924,1335,1,0,0
407,909,1326,1,0,0
408,854,878,1,0,0
409,1233,1267,0,0,0
410,832,881,1,0,0
411,841,879,1,0,0
412,1239,1288,0,0,0
413,928,1309,1,0,0
414,1259,1285,0,0,0
415,906,1340,1,0,0
416,933,1327,1,0,0
417,1238,1297,0,0,0
418,1239,1295,0,0,0
419,932,1341,1,0,0
420,1252,1267,0,0,0
421,926,1313,1,0,0
422,846,898,1,0,0
423,835,875,1,0,0
424,1235,1278,0,0,0
425,909,1304,1,0,0
426,1261,1269,0,0,0
427,1260,1279,0,0,0
428,858,881,1,0,0
429,910,1337,1,0,0
430,918,1349,1,0,0
431,1263,1286,0,0,0
432,1240,1278,0,0,0
433,911,1317,1,0,0
434,833,883,1,0,0
435,921,1322,1,0,0
436,908,1314,1,0,0
437,1255,1288,0,0,0
438,856,874,1,0,0
439,1235,1297,0,0,0
440,1258,1276,0,0,0
441,913,1349,1,0,0
442,920,1313,1,0,0
443,1233,1287,0,0,0
444,861,899,1,0,0
445,1229,1297,0,0,0
446,905,1343,1,0,0
447,1235,1282,0,0,0
448,918,1332,1,0,0
449,1226,1294,0,0,0
450,841,893,1,0,0
451,907,1311,1,0,0
452,905,1324,1,0,0
453,905,1339,1,0,0
454,1233,1299,0,0,0
455,915,1328,1,0,0
456,864,883,1,0,0
457,1243,1288,0,0,0
458,904,1325,1,0,0
459,1228,1294,0,0,0
460,939,1349,1,0,0
461,849,882,1,0,0
462,848,885,1,0,0
463,912,1328,1,0,0
464,910,1316,1,0,0
465,1248,1285,0,0,0
466,915,1334,1,0,0
467,1226,1279,0,0,0
468,825,892,1,0,0
469,934,1321,1,0,0
470,1250,1277,0,0,0
471,940,1328,1,0,0
472,911,1349,1,0,0
473,923,1307,1,0,0
474,934,1340,1,0,0
475,938,1326,1,0,0
476,911,1346,1,0,0
477,1227,1281,0,0,0
478,1233,1276,0,0,0
479,836,898,1,0,0
480,906,1335,1,0,0
481,923,1321,1,0,0
482,1247,1287,0,0,0
483,1254,1287,0,0,0
484,1258,1277,0,0,0
485,944,1321,1,0,0
486,913,1320,1,0,0
487,834,873,1,0,0
488,915,1336,1,0,0
489,848,890,1,0,0
490,1246,1277,0,0,0
491,838,887,1,0,0
492,917,1336,1,0,0
493,1253,1281,0,0,0
494,1241,1268,0,0,0
495,846,882,1,0,0
496,856,868,1,0,0
497,934,1334,1,0,0
498,926,1341,1,0,0
499,919,1316,1,0,0
500,1247,1284,0,0,0
501,901,1345,1,0,0
502,1231,1267,0,0,0
503,1239,1290,0,0,0
504,1227,1290,0,0,0
505,864,893,1,0,0
506,835,894,1,0,0
507,919,1339,1,0,0
508,1259,1289,0,0,0
509,1246,1298,0,0,0
510,923,1325,1,0,0
511,904,1317,1,0,0
512,856,885,1,0,0
513,928,1312,1,0,0
514,933,1346,1,0,0
515,938,1316,1,0,0
516,944,1324,1,0,0
517,911,1321,1,0,0
518,844,882,1,0,0
519,847,893,1,0,0
520,1248,1295,0,0,0
521,946,1301,1,0,0
522,843,872,1,0,0
523,1238,1286,0,0,0
524,837,882,1,0,0
525,937,1317,1,0,0
526,1262,1293,0,0,0
527,838,888,1,0,0
528,855,868,1,0,0
529,915,1340,1,0,0
530,937,1337,1,0,0
531,928,1350,1,0,0
532,944,1318,1,0,0
533,849,891,1,0,0
534,831,867,1,0,0
535,860,880,1,0,0
536,1247,1270,0,0,0
537,1233,1282,0,0,0
538,940,1305,1,0,0
539,943,1309,1,0,0
540,1244,1297,0,0,0
541,836,895,1,0,0
542,857,877,1,0,0
543,935,1340,1,0,0
544,1251,1276,0,0,0
545,837,875,1,0,0
546,1253,1270,0,0,0
547,945,1332,1,0,0
548,825,889,1,0,0
549,857,897,1,0,0
550,927,1304,1,0,0
551,905,1318,1,0,0
552,851,893,1,0,0
553,946,1320,1,0,0
554,916,1328,1,0,0
555,1234,1269,0,0,0
556,1248,1288,0,0,0
557,1231,1297,0,0,0
558,854,898,1,0,0
559,837,892,1,0,0
560,835,872,1,0,0
561,848,889,1,0,0
562,934,1343,1,0,0
563,850,881,1,0,0
564,826,871,1,0,0
565,841,895,1,0,0
566,934,1326,1,0,0
567,906,1310,1,0,0
568,829,888,1,0,0
569,852,870,1,0,0
570,857,886,1,0,0
571,905,1348,1,0,0
572,936,1331,1,0,0
573,860,886,1,0,0
574,933,1339,1,0,0
575,1226,1284,0,0,0
576,1236,1273,0,0,0
577,1242,1299,0,0,0
578,1225,1293,0,0,0
579,928,1327,1,0,0
580,920,1346,1,0,0
581,940,1308,1,0,0
582,845,877,1,0,0
583,906,1302,1,0,0
584,829,897,1,0,0
585,923,1326,1,0,0
586,850,870,1,0,0
587,901,1323,1,0,0
588,907,1323,1,0,0
589,925,1303,1,0,0
590,905,1341,1,0,0
591,850,892,1,0,0
592,827,898,1,0,0
593,828,896,1,0,0
594,913,1308,1,0,0
595,945,1308,1,0,0
596,1242,1276,0,0,0
597,944,1304,1,0,0
598,860,877,1,0,0
599,1251,1271,0,0,0
600,1250,1285,0,0,0
601,851,873,1,0,0
602,827,868,1,0,0
603,1245,1295,0,0,0
604,914,1327,1,0,0
605,922,1304,1,0,0
606,1242,1269,0,0,0
607,914,1325,1,0,0
608,934,1341,1,0,0
609,825,872,1,0,0
610,944,1302,1,0,0
611,918,1315,1,0,0
612,905,1308,1,0,0
613,854,872,1,0,0
614,834,899,1,0,0
615,1262,1284,0,0,0
616,846,897,1,0,0
617,1233,1274,0,0,0
618,856,897,1,0,0
619,934,1314,1,0,0
620,850,882,1,0,0
621,937,1303,1,0,0
622,827,885,1,0,0
623,924,1328,1,0,0
624,1225,1289,0,0,0
625,1262,1287,0,0,0
626,1253,1268,0,0,0
627,852,887,1,0,0
628,861,883,1,0,0
629,1229,1278,0,0,0
630,859,876,1,0,0
631,1254,1294,0,0,0
632,907,1309,1,0,0
633,909,1305,1,0,0
634,1241,1270,0,0,0
635,1261,1298,0,0,0
636,1261,1289,0,0,0
637,920,1310,1,0,0
638,928,1321,1,0,0
639,841,871,1,0,0
640,903,1302,1,0,0
641,935,1328,1,0,0
642,1243,1284,0,0,0
643,931,1330,1,0,0
644,1234,1280,0,0,0
645,904,1329,1,0,0
646,917,1331,1,0,0
647,940,1304,1,0,0
648,1226,1288,0,0,0
649,901,1310,1,0,0
650,933,1310,1,0,0
651,826,888,1,0,0
652,923,1343,1,0,0
653,1238,1294,0,0,0
654,839,869,1,0,0
655,910,1346,1,0,0
656,859,897,1,0,0
657,1233,1289,0,0,0
658,920,1311,1,0,0
659,914,1342,1,0,0
660,916,1304,1,0,0
661,836,871,1,0,0
662,912,1309,1,0,0
663,1246,1291,0,0,0
664,1250,1296,0,0,0
665,904,1342,1,0,0
666,922,1330,1,0,0
667,1239,1270,0,0,0
668,825,869,1,0,0
669,912,1336,1,0,0
670,864,890,1,0,0
671,927,1328,1,0,0
672,844,878,1,0,0
673,923,1304,1,0,0
674,916,1322,1,0,0
675,850,887,1,0,0
676,938,1317,1,0,0
677,1239,1277,0,0,0
678,916,1301,1,0,0
679,852,868,1,0,0
680,927,1316,1,0,0
681,927,1302,1,0,0
682,939,1324,1,0,0
683,836,899,1,0,0
684,911,1306,1,0,0
685,1226,1275,0,0,0
686,938,1323,1,0,0
687,860,891,1,0,0
688,922,1332,1,0,0
689,826,896,1,0,0
690,935,1341,1,0,0
691,931,1336,1,0,0
692,1260,1290,0,0,0
693,945,1321,1,0,0
694,923,1340,1,0,0
695,843,891,1,0,0
696,836,873,1,0,0
697,849,899,1,0,0
698,911,1337,1,0,0
699,858,874,1,0,0
700,861,887,1,0,0
701,925,1310,1,0,0
702,863,874,1,0,0
703,938,1309,1,0,0
704,927,1321,1,0,0
705,1230,1288,0,0,0
706,929,1328,1,0,0
707,1253,1266,0,0,0
708,932,1332,1,0,0
709,849,876,1,0,0
710,938,1320,1,0,0
711,844,890,1,0,0
712,914,1311,1,0,0
713,916,1319,1,0,0
714,846,892,1,0,0
715,926,1308,1,0,0
716,1249,1280,0,0,0
717,1264,1287,0,0,0
718,921,1323,1,0,0
719,939,1340,1,0,0
720,1252,1297,0,0,0
721,910,1324,1,0,0
722,863,895,1,0,0
723,1247,1298,0,0,0
724,922,1337,1,0,0
725,923,1318,1,0,0
726,944,1334,1,0,0
727,1233,1290,0,0,0
728,858,870,1,0,0
729,845,884,1,0,0
730,910,1325,1,0,0
731,836,885,1,0,0
732,862,883,1,0,0
733,917,1306,1,0,0
734,1260,1299,0,0,0
735,904,1319,1,0,0
736,937,1346,1,0,0
737,1243,1287,0,0,0
738,906,1315,1,0,0
739,925,1304,1,0,0
740,929,1329,1,0,0
741,909,1309,1,0,0
742,911,1309,1,0,0
743,845,895,1,0,0
744,946,1327,1,0,0
745,903,1329,1,0,0
746,921,1312,1,0,0
747,856,866,1,0,0
748,920,1305,1,0,0
749,1262,1299,0,0,0
750,907,1302,1,0,0
751,905,1332,1,0,0
752,1226,1295,0,0,0
753,944,1342,1,0,0
754,908,1306,1,0,0
755,1259,1297,0,0,0
756,933,1330,1,0,0
757,1235,1275,0,0,0
758,930,1304,1,0,0
759,1258,1296,0,0,0
760,922,1309,1,0,0
761,838,883,1,0,0
762,1246,1284,0,0,0
763,851,866,1,0,0
764,901,1315,1,0,0
765,931,1350,1,0,0
766,930,1306,1,0,0
767,863,890,1,0,0
768,918,1339,1,0,0
769,1251,1293,0,0,0
770,925,1313,1,0,0
771,832,888,1,0,0
772,1229,1299,0,0,0
773,1237,1284,0,0,0
774,859,867,1,0,0
775,940,1314,1,0,0
776,829,871,1,0,0
777,920,1338,1,0,0
778,830,878,1,0,0
779,1259,1299,0,0,0
780,828,892,1,0,0
781,937,1305,1,0,0
782,929,1349,1,0,0
783,909,1332,1,0,0
784,935,1304,1,0,0
785,1237,1274,0,0,0
786,936,1332,1,0,0
787,1225,1281,0,0,0
788,1245,1291,0,0,0
789,836,890,1,0,0
790,939,1327,1,0,0
791,929,1315,1,0,0
792,830,899,1,0,0
793,918,1321,1,0,0
794,944,1329,1,0,0
795,907,1335,1,0,0
796,938,1302,1,0,0
797,933,1348,1,0,0
798,1244,1289,0,0,0
799,931,1323,1,0,0
800,861,891,1,0,0
801,1241,1279,0,0,0
802,914,1345,1,0,0
803,908,1317,1,0,0
804,917,1325,1,0,0
805,1226,1290,0,0,0
806,860,870,1,0,0
807,926,1345,1,0,0
808,1234,1270,0,0,0
809,835,886,1,0,0
810,853,875,1,0,0
811,853,890,1,0,0
812,864,873,1,0,0
813,834,895,1,0,0
814,905,1340,1,0,0
815,1253,1297,0,0,0
816,923,1305,1,0,0
817,942,1314,1,0,0
818,832,878,1,0,0
819,927,1307,1,0,0
820,917,1342,1,0,0
821,944,1320,1,0,0
822,861,893,1,0,0
823,902,1346,1,0,0
824,1226,1296,0,0,0
825,844,883,1,0,0
826,911,1324,1,0,0
827,905,1337,1,0,0
828,831,871,1,0,0
829,862,891,1,0,0
830,1239,1282,0,0,0
831,1263,1294,0,0,0
832,940,1325,1,0,0
833,830,888,1,0,0
834,829,872,1,0,0
835,1253,1286,0,0,0
836,907,1315,1,0,0
837,933,1338,1,0,0
838,1242,1286,0,0,0
839,925,1321,1,0,0
840,835,881,1,0,0
841,903,1321,1,0,0
842,907,1304,1,0,0
843,913,1348,1,0,0
844,945,1333,1,0,0
845,844,874,1,0,0
846,839,894,1,0,0
847,1262,1290,0,0,0
848,941,1332,1,0,0
849,1243,1277,0,0,0
850,933,1304,1,0,0
851,919,1327,1,0,0
852,1227,1299,0,0,0
853,1251,1277,0,0,0
854,918,1327,1,0,0
855,933,1329,1,0,0
856,926,1347,1,0,0
857,942,1309,1,0,0
858,945,1330,1,0,0
859,1257,1299,0,0,0
860,920,1343,1,0,0
861,1253,1299,0,0,0
862,1252,1298,0,0,0
863,1247,1277,0,0,0
864,848,893,1,0,0
865,940,1349,1,0,0
866,1229,1266,0,0,0
867,905,1315,1,0,0
868,923,1310,1,0,0
869,935,1309,1,0,0
870,924,1319,1,0,0
871,906,1313,1,0,0
872,1231,1292,0,0,0
873,903,1346,1,0,0
874,830,892,1,0,0
875,836,866,1,0,0
876,849,895,1,0,0
877,1231,1272,0,0,0
878,1261,1282,0,0,0
879,833,898,1,0,0
880,825,880,1,0,0
881,918,1334,1,0,0
882,827,896,1,0,0
883,921,1343,1,0,0
884,860,889,1,0,0
885,861,881,1,0,0
886,1257,1290,0,0,0
887,1253,1289,0,0,0
888,842,877,1,0,0
889,857,898,1,0,0
890,839,891,1,0,0
891,850,895,1,0,0
892,830,871,1,0,0
893,1257,1272,0,0,0
894,825,897,1,0,0
895,1250,1297,0,0,0
896,919,1340,1,0,0
897,836,881,1,0,0
898,921,1349,1,0,0
899,922,1327,1,0,0
900,936,1339,1,0,0
901,860,869,1,0,0
902,1259,1282,0,0,0
903,863,868,1,0,0
904,1260,1292,0,0,0
905,944,1350,1,0,0
906,845,874,1,0,0
907,1251,1278,0,0,0
908,1247,1272,0,0,0
909,835,888,1,0,0
910,838,872,1,0,0
911,849,886,1,0,0
912,923,1324,1,0,0
913,828,894,1,0,0
914,921,1344,1,0,0
915,835,869,1,0,0
916,936,1330,1,0,0
917,848,872,1,0,0
918,848,874,1,0,0
919,943,1349,1,0,0
920,923,1315,1,0,0
921,924,1343,1,0,0
922,830,884,1,0,0
923,906,1305,1,0,0
924,1243,1270,0,0,0
925,836,894,1,0,0
926,908,1348,1,0,0
927,1236,1275,0,0,0
928,841,898,1,0,0
929,905,1311,1,0,0
930,906,1349,1,0,0
931,1234,1296,0,0,0
932,863,875,1,0,0
933,1258,1284,0,0,0
934,858,885,1,0,0
935,842,896,1,0,0
936,901,1329,1,0,0
937,911,1332,1,0,0
938,923,1301,1,0,0
939,1242,1280,0,0,0
940,853,880,1,0,0
941,1231,1269,0,0,0
942,937,1329,1,0,0
943,1244,1296,0,0,0
944,912,1317,1,0,0
945,854,879,1,0,0
946,1225,1287,0,0,0
947,910,1315,1,0,0
948,846,890,1,0,0
949,924,1303,1,0,0
950,918,1343,1,0,0
951,1235,1280,0,0,0
952,921,1341,1,0,0
953,902,1325,1,0,0
954,1226,1282,0,0,0
955,1257,1288,0,0,0
956,916,1323,1,0,0
957,1234,1287,0,0,0
958,829,895,1,0,0
959,1260,1298,0,0,0
960,906,1301,1,0,0
961,929,1332,1,0,0
962,837,873,1,0,0
963,927,1308,1,0,0
964,944,1307,1,0,0
965,924,1349,1,0,0
966,941,1311,1,0,0
967,860,893,1,0,0
968,906,1303,1,0,0
969,855,895,1,0,0
970,906,1336,1,0,0
971,905,1338,1,0,0
972,926,1348,1,0,0
973,941,1346,1,0,0
974,1257,1276,0,0,0
975,1263,1279,0,0,0
976,1250,1279,0,0,0
977,827,889,1,0,0
978,840,898,1,0,0
979,1246,1272,0,0,0
980,922,1313,1,0,0
981,854,896,1,0,0
982,940,1337,1,0,0
983,850,877,1,0,0
984,905,1344,1,0,0
985,839,899,1,0,0
986,837,891,1,0,0
987,911,1323,1,0,0
988,910,1347,1,0,0
989,1230,1272,0,0,0
990,909,1322,1,0,0
991,902,1340,1,0,0
992,912,1344,1,0,0
993,913,1324,1,0,0
994,858,891,1,0,0
995,837,870,1,0,0
996,1236,1286,0,0,0
997,924,1318,1,0,0
998,905,1329,1,0,0
999,942,1301,1,0,0
1000,916,1318,1,0,0
1001,1259,1287,0,0,0
1002,1230,1269,0,0,0
1003,1259,1292,0,0,0
1004,913,1323,1,0,0
1005,915,1347,1,0,0
1006,1247,1269,0,0,0
1007,906,1342,1,0,0
1008,906,1326,1,0,0
1009,1232,1295,0,0,0
1010,911,1339,1,0,0
1011,1228,1289,0,0,0
1012,1248,1287,0,0,0
1013,1242,1273,0,0,0
1014,1259,1293,0,0,0
1015,922,1323,1,0,0
1016,1229,1282,0,0,0
1017,825,888,1,0,0
1018,836,882,1,0,0
1019,933,1325,1,0,0
1020,1235,1267,0,0,0
1021,936,1333,1,0,0
1022,912,1322,1,0,0
1023,903,1341,1,0,0
1024,923,1337,1,0,0
1025,1247,1283,0,0,0
1026,1245,1274,0,0,0
1027,1238,1271,0,0,0
1028,1248,1271,0,0,0
1029,941,1308,1,0,0
1030,911,1341,1,0,0
1031,940,1350,1,0,0
1032,913,1313,1,0,0
1033,903,1335,1,0,0
1034,902,1304,1,0,0
1035,833,895,1,0,0
1036,1256,1293,0,0,0
1037,825,876,1,0,0
1038,825,875,1,0,0
1039,944,1319,1,0,0
1040,857,891,1,0,0
1041,834,877,1,0,0
1042,1264,1270,0,0,0
1043,1230,1275,0,0,0
1044,918,1304,1,0,0
1045,842,883,1,0,0
1046,901,1316,1,0,0
1047,1249,1295,0,0,0
1048,930,1329,1,0,0
1049,936,1314,1,0,0
1050,924,1306,1,0,0
1051,859,877,1,0,0
1052,903,1311,1,0,0
1053,923,1322,1,0,0
1054,864,878,1,0,0
1055,927,1341,1,0,0
1056,922,1316,1,0,0
1057,936,1319,1,0,0
1058,841,883,1,0,0
1059,1246,1293,0,0,0
1060,834,880,1,0,0
1061,934,1336,1,0,0
1062,942,1321,1,0,0
1063,834,887,1,0,0
1064,836,884,1,0,0
1065,851,891,1,0,0
1066,864,877,1,0,0
1067,1233,1268,0,0,0
1068,845,879,1,0,0
1069,916,1330,1,0,0
1070,1256,1298,0,0,0
1071,925,1350,1,0,0
1072,846,876,1,0,0
1073,856,894,1,0,0
1074,861,868,1,0,0
1075,854,887,1,0,0
1076,907,1337,1,0,0
1077,856,878,1,0,0
1078,910,1306,1,0,0
1079,923,1347,1,0,0
1080,1248,1272,0,0,0
1081,836,870,1,0,0
1082,944,1312,1,0,0
1083,904,1330,1,0,0
1084,1253,1284,0,0,0
1085,938,1306,1,0,0
1086,918,1317,1,0,0
1087,834,889,1,0,0
1088,915,1308,1,0,0
1089,853,896,1,0,0
1090,862,898,1,0,0
1091,849,890,1,0,0
1092,858,888,1,0,0
1093,1263,1284,0,0,0
1094,916,1325,1,0,0
1095,835,867,1,0,0
1096,852,874,1,0,0
1097,930,1342,1,0,0
1098,936,1340,1,0,0
1099,828,868,1,0,0
1100,914,1339,1,0,0
1101,1261,1278,0,0,0
1102,911,1307,1,0,0
1103,939,1331,1,0,0
1104,930,1328,1,0,0
1105,838,881,1,0,0
1106,918,1322,1,0,0
1107,911,1325,1,0,0
1108,911,1338,1,0,0
1109,919,1332,1,0,0
1110,1235,1285,0,0,0
1111,1251,1280,0,0,0
1112,910,1321,1,0,0
1113,909,1328,1,0,0
1114,935,1301,1,0,0
1115,902,1327,1,0,0
1116,1256,1273,0,0,0
1117,1235,1279,0,0,0
1118,863,869,1,0,0
1119,859,888,1,0,0
1120,861,882,1,0,0
1121,937,1343,1,0,0
1122,1238,1275,0,0,0
1123,1261,1277,0,0,0
1124,856,891,1,0,0
1125,946,1308,1,0,0
1126,1252,1273,0,0,0
1127,1243,1293,0,0,0
1128,845,899,1,0,0
1129,928,1337,1,0,0
1130,846,874,1,0,0
1131,906,1343,1,0,0
1132,903,1343,1,0,0
1133,922,1317,1,0,0
1134,827,892,1,0,0
1135,908,1309,1,0,0
1136,945,1339,1,0,0
1137,903,1334,1,0,0
1138,1248,1289,0,0,0
1139,940,1320,1,0,0
1140,825,895,1,0,0
1141,919,1330,1,0,0
1142,940,1326,1,0,0
1143,845,873,1,0,0
1144,1254,1299,0,0,0
1145,1230,1284,0,0,0
1146,825,891,1,0,0
1147,918,1341,1,0,0
1148,829,883,1,0,0
1149,831,884,1,0,0
1150,941,1343,1,0,0
1151,915,1350,1,0,0
1152,942,1322,1,0,0
1153,847,895,1,0,0
1154,1230,1274,0,0,0
1155,922,1328,1,0,0
1156,1250,1270,0,0,0
1157,834,885,1,0,0
1158,927,1336,1,0,0
1159,853,872,1,0,0
1160,851,876,1,0,0
1161,939,1328,1,0,0
1162,915,1304,1,0,0
1163,929,1336,1,0,0
1164,1255,1293,0,0,0
1165,860,874,1,0,0
1166,1264,1278,0,0,0
1167,850,894,1,0,0
1168,1238,1266,0,0,0
1169,931,1306,1,0,0
1170,1246,1267,0,0,0
1171,943,1346,1,0,0
1172,944,1310,1,0,0
1173,920,1302,1,0,0
1174,844,892,1,0,0
1175,851,870,1,0,0
1176,1227,1292,0,0,0
1177,911,1342,1,0,0
1178,1239,1294,0,0,0
1179,862,874,1,0,0
1180,851,878,1,0,0
1181,935,1311,1,0,0
1182,826,884,1,0,0
1183,855,866,1,0,0
1184,927,1348,1,0,0
1185,903,1303,1,0,0
1186,905,1312,1,0,0
1187,939,1346,1,0,0
1188,907,1340,1,0,0
1189,1254,1278,0,0,0
1190,924,1337,1,0,0
1191,905,1328,1,0,0
1192,918,1350,1,0,0
1193,856,895,1,0,0
1194,846,888,1,0,0
1195,862,877,1,0,0
1196,907,1330,1,0,0
1197,1249,1275,0,0,0
1198,906,1341,1,0,0
1199,839,882,1,0,0
1200,928,1325,1,0,0
1201,1233,1271,0,0,0
1202,915,1322,1,0,0
1203,941,1324,1,0,0
1204,858,877,1,0,0
1205,828,875,1,0,0
1206,901,1333,1,0,0
1207,1258,1270,0,0,0
1208,1227,1298,0,0,0
1209,1264,1298,0,0,0
1210,901,1306,1,0,0
1211,847,877,1,0,0
1212,926,1327,1,0,0
1213,839,873,1,0,0
1214,856,873,1,0,0
1215,1239,1269,0,0,0
1216,840,891,1,0,0
1217,839,884,1,0,0
1218,1231,1285,0,0,0
1219,938,1322,1,0,0
1220,831,892,1,0,0
1221,1234,1291,0,0,0
1222,913,1344,1,0,0
1223,931,1314,1,0,0
1224,850,873,1,0,0
1225,1245,1278,0,0,0
1226,929,1302,1,0,0
1227,916,1344,1,0,0
1228,1264,1293,0,0,0
1229,850,875,1,0,0
1230,1263,1268,0,0,0
1231,838,870,1,0,0
1232,857,873,1,0,0
1233,927,1311,1,0,0
1234,936,1313,1,0,0
1235,846,887,1,0,0
1236,935,1334,1,0,0
1237,909,1316,1,0,0
1238,943,1344,1,0,0
1239,835,898,1,0,0
1240,1254,1297,0,0,0
1241,848,887,1,0,0
1242,942,1345,1,0,0
1243,926,1321,1,0,0
1244,828,897,1,0,0
1245,1246,1296,0,0,0
1246,933,1315,1,0,0
1247,936,1321,1,0,0
1248,906,1311,1,0,0
1249,914,1337,1,0,0
1250,937,1313,1,0,0
1251,839,888,1,0,0
1252,916,1334,1,0,0
1253,1264,1280,0,0,0
1254,918,1335,1,0,0
1255,930,1350,1,0,0
1256,925,1347,1,0,0
1257,835,866,1,0,0
1258,1236,1282,0,0,0
1259,913,1345,1,0,0
1260,942,1343,1,0,0
1261,1261,1285,0,0,0
1262,917,1318,1,0,0
1263,830,897,1,0,0
1264,852,896,1,0,0
1265,937,1326,1,0,0
1266,1230,1299,0,0,0
1267,844,873,1,0,0
1268,907,1320,1,0,0
1269,910,1312,1,0,0
1270,852,881,1,0,0
1271,1256,1296,0,0,0
1272,844,870,1,0,0
1273,1251,1267,0,0,0
1274,1234,1276,0,0,0
1275,825,877,1,0,0
1276,1261,1267,0,0,0
1277,1263,1291,0,0,0
1278,941,1306,1,0,0
1279,917,1307,1,0,0
1280,1250,1294,0,0,0
1281,1228,1299,0,0,0
1282,912,1306,1,0,0
1283,1252,1284,0,0,0
1284,847,887,1,0,0
1285,1231,1289,0,0,0
1286,856,881,1,0,0
1287,1245,1288,0,0,0
1288,859,895,1,0,0
1289,848,879,1,0,0
1290,828,884,1,0,0
1291,830,877,1,0,0
1292,836,883,1,0,0
1293,1232,1280,0,0,0
1294,1253,1276,0,0,0
1295,1250,1289,0,0,0
1296,914,1301,1,0,0
1297,932,1304,1,0,0
1298,903,1319,1,0,0
1299,1229,1271,0,0,0
1300,836,892,1,0,0
1301,1260,1277,0,0,0
1302,1261,1276,0,0,0
1303,945,1329,1,0,0
1304,830,898,1,0,0
1305,842,892,1,0,0
1306,941,1336,1,0,0
1307,923,1345,1,0,0
1308,938,1339,1,0,0
1309,1240,1273,0,0,0
1310,945,1306,1,0,0
1311,841,877,1,0,0
1312,832,894,1,0,0
1313,847,869,1,0,0
1314,909,1347,1,0,0
1315,858,897,1,0,0
1316,939,1301,1,0,0
1317,838,885,1,0,0
1318,917,1328,1,0,0
1319,937,1322,1,0,0
1320,856,872,1,0,0
1321,928,1315,1,0,0
1322,832,895,1,0,0
1323,1231,1295,0,0,0
1324,829,899,1,0,0
1325,854,875,1,0,0
1326,936,1344,1,0,0
1327,932,1335,1,0,0
1328,862,884,1,0,0
1329,853,881,1,0,0
1330,1256,1291,0,0,0
1331,1226,1274,0,0,0
1332,937,1347,1,0,0
1333,861,889,1,0,0
1334,1239,1281,0,0,0
1335,843,889,1,0,0
1336,931,1344,1,0,0
1337,826,873,1,0,0
1338,1236,1277,0,0,0
1339,838,898,1,0,0
1340,934,1305,1,0,0
1341,1264,1267,0,0,0
1342,860,883,1,0,0
1343,1245,1276,0,0,0
1344,836,877,1,0,0
1345,930,1324,1,0,0
1346,847,891,1,0,0
1347,938,1343,1,0,0
1348,1251,1273,0,0,0
1349,836,879,1,0,0
1350,920,1319,1,0,0
1351,904,1335,1,0,0
1352,845,897,1,0,0
1353,944,1305,1,0,0
1354,852,875,1,0,0
1355,911,1329,1,0,0
1356,925,1328,1,0,0
1357,901,1321,1,0,0
1358,1248,1280,0,0,0
1359,855,885,1,0,0
1360,926,1309,1,0,0
1361,925,1331,1,0,0
1362,1249,1287,0,0,0
1363,864,891,1,0,0
1364,1247,1274,0,0,0
1365,913,1347,1,0,0
1366,859,886,1,0,0
1367,858,868,1,0,0
1368,1228,1268,0,0,0
1369,1254,1280,0,0,0
1370,845,875,1,0,0
1371,908,1330,1,0,0
1372,851,883,1,0,0
1373,1264,1299,0,0,0
1374,835,882,1,0,0
1375,1225,1292,0,0,0
1376,825,893,1,0,0
1377,1262,1291,0,0,0
1378,924,1346,1,0,0
1379,1250,1288,0,0,0
1380,917,1338,1,0,0
1381,1257,1298,0,0,0
1382,1262,1292,0,0,0
1383,1263,1296,0,0,0
1384,942,1323,1,0,0
1385,848,867,1,0,0
1386,863,896,1,0,0
1387,901,1336,1,0,0
1388,920,1301,1,0,0
1389,1251,1275,0,0,0
1390,942,1342,1,0,0
1391,838,893,1,0,0
1392,1245,1293,0,0,0
1393,1249,1292,0,0,0
1394,1242,1290,0,0,0
1395,1231,1286,0,0,0
1396,928,1306,1,0,0
1397,1242,1281,0,0,0
1398,861,897,1,0,0
1399,910,1322,1,0,0
1400,842,882,1,0,0
1401,1256,1276,0,0,0
1402,901,1344,1,0,0
1403,834,893,1,0,0
1404,829,886,1,0,0
1405,1245,1296,0,0,0
1406,945,1345,1,0,0
1407,846,869,1,0,0
1408,1231,1279,0,0,0
1409,943,1339,1,0,0
1410,1251,1269,0,0,0
1411,1227,1267,0,0,0
1412,911,1347,1,0,0
1413,1257,1286,0,0,0
1414,928,1332,1,0,0
1415,906,1316,1,0,0
1416,909,1341,1,0,0
1417,1251,1290,0,0,0
1418,831,887,1,0,0
1419,931,1337,1,0,0
1420,845,896,1,0,0
1421,922,1331,1,0,0
1422,838,876,1,0,0
1423,918,1312,1,0,0
1424,833,886,1,0,0
1425,933,1342,1,0,0
1426,835,874,1,0,0
1427,1234,1297,0,0,0
1428,914,1309,1,0,0
1429,1260,1270,0,0,0
1430,904,1336,1,0,0
1431,835,871,1,0,0
1432,864,874,1,0,0
1433,864,884,1,0,0
1434,850,896,1,0,0
1435,848,892,1,0,0
1436,1241,1290,0,0,0
1437,1233,1273,0,0,0
1438,834,894,1,0,0
1439,863,889,1,0,0
1440,1229,1270,0,0,0
1441,943,1334,1,0,0
1442,845,878,1,0,0
1443,915,1343,1,0,0
1444,926,1330,1,0,0
1445,838,875,1,0,0
1446,1261,1275,0,0,0
1447,1232,1271,0,0,0
1448,942,1319,1,0,0
1449,926,1306,1,0,0
1450,1233,1275,0,0,0
1451,939,1343,1,0,0
1452,933,1331,1,0,0
1453,903,1324,1,0,0
1454,857,868,1,0,0
1455,1255,1287,0,0,0
1456,931,1321,1,0,0
1457,938,1349,1,0,0
1458,909,1339,1,0,0
1459,832,875,1,0,0
1460,1245,1268,0,0,0
1461,920,1327,1,0,0
1462,1226,1285,0,0,0
1463,928,1340,1,0,0
1464,845,871,1,0,0
1465,826,886,1,0,0
1466,903,1326,1,0,0
1467,1230,1266,0,0,0
1468,927,1350,1,0,0
1469,922,1325,1,0,0
1470,903,1301,1,0,0
1471,915,1342,1,0,0
1472,904,1303,1,0,0
1473,1226,1292,0,0,0
1474,1245,1292,0,0,0
1475,1255,1294,0,0,0
1476,853,887,1,0,0
1477,912,1301,1,0,0
1478,941,1316,1,0,0
1479,862,871,1,0,0
1480,1227,1294,0,0,0
1481,1229,1279,0,0,0
1482,942,1328,1,0,0
1483,853,885,1,0,0
1484,848,868,1,0,0
1485,1248,1274,0,0,0
1486,1227,1287,0,0,0
1487,1249,1271,0,0,0
1488,932,1348,1,0,0
1489,940,1347,1,0,0
1490,1232,1270,0,0,0
1491,936,1311,1,0,0
1492,1256,1268,0,0,0
1493,1257,1268,0,0,0
1494,929,1324,1,0,0
1495,918,1301,1,0,0
1496,937,1350,1,0,0
1497,938,1321,1,0,0
1498,1259,1280,0,0,0
1499,1242,1282,0,0,0
1500,928,1316,1,0,0
1501,911,1311,1,0,0
1502,918,1346,1,0,0
1503,1227,1269,0,0,0
1504,928,1319,1,0,0
1505,1225,1280,0,0,0
1506,1247,1294,0,0,0
1507,903,1315,1,0,0
1508,907,1345,1,0,0
1509,904,1312,1,0,0
1510,846,879,1,0,0
1511,931,1334,1,0,0
1512,930,1313,1,0,0
1513,832,873,1,0,0
1514,854,893,1,0,0
1515,857,887,1,0,0
1516,831,869,1,0,0
1517,840,879,1,0,0
1518,859,869,1,0,0
1519,1236,1294,0,0,0
1520,844,893,1,0,0
1521,926,1324,1,0,0
1522,864,889,1,0,0
1523,921,1304,1,0,0
1524,905,1334,1,0,0
1525,921,1328,1,0,0
1526,907,1319,1,0,0
1527,946,1319,1,0,0
1528,909,1344,1,0,0
1529,925,1337,1,0,0
1530,924,1324,1,0,0
1531,852,882,1,0,0
1532,1227,1289,0,0,0
1533,927,1333,1,0,0
1534,946,1307,1,0,0
1535,862,881,1,0,0
1536,859,870,1,0,0
1537,926,1328,1,0,0
1538,906,1330,1,0,0
1539,1259,1267,0,0,0
1540,1259,1271,0,0,0
1541,1231,1284,0,0,0
1542,926,1329,1,0,0
1543,1258,1281,0,0,0
1544,927,1325,1,0,0
1545,929,1306,1,0,0
1546,832,885,1,0,0
1547,908,1339,1,0,0
1548,1252,1275,0,0,0
1549,1244,1285,0,0,0
1550,836,896,1,0,0
1551,1264,1281,0,0,0
1552,845,880,1,0,0
1553,840,890,1,0,0
1554,1228,1283,0,0,0
1555,945,1310,1,0,0
1556,937,1339,1,0,0
1557,1249,1270,0,0,0
1558,1262,1279,0,0,0
1559,904,1316,1,0,0
1560,926,1326,1,0,0
1561,933,1332,1,0,0
1562,1238,1278,0,0,0
1563,905,1309,1,0,0
1564,922,1308,1,0,0
1565,835,884,1,0,0
1566,1264,1285,0,0,0
1567,906,1307,1,0,0
1568,1236,1284,0,0,0
1569,929,1312,1,0,0
1570,1253,1267,0,0,0
1571,905,1333,1,0,0
1572,935,1307,1,0,0
1573,1252,1274,0,0,0
1574,918,1331,1,0,0
1575,1236,1266,0,0,0
1576,1236,1293,0,0,0
1577,1227,1276,0,0,0
1578,830,882,1,0,0
1579,847,881,1,0,0
1580,845,898,1,0,0
1581,902,1323,1,0,0
1582,928,1345,1,0,0
1583,921,1305,1,0,0
1584,847,866,1,0,0
1585,930,1309,1,0,0
1586,833,873,1,0,0
1587,851,867,1,0,0
1588,942,1316,1,0,0
1589,828,887,1,0,0
1590,1227,1278,0,0,0
1591,915,1348,1,0,0
1592,830,868,1,0,0
1593,928,1344,1,0,0
1594,929,1323,1,0,0
1595,933,1349,1,0,0
1596,1231,1294,0,0,0
1597,918,1338,1,0,0
1598,1231,1283,0,0,0
1599,902,1307,1,0,0
1600,830,875,1,0,0
1601,1243,1292,0,0,0
1602,846,895,1,0,0
1603,901,1309,1,0,0
1604,864,896,1,0,0
1605,932,1314,1,0,0
1606,838,882,1,0,0
1607,901,1303,1,0,0
1608,927,1346,1,0,0
1609,1249,1299,0,0,0
1610,838,873,1,0,0
1611,840,871,1,0,0
1612,904,1331,1,0,0
1613,922,1350,1,0,0
1614,852,897,1,0,0
1615,921,1316,1,0,0
1616,1239,1273,0,0,0
1617,833,887,1,0,0
1618,902,1342,1,0,0
1619,919,1319,1,0,0
1620,918,1328,1,0,0
1621,825,868,1,0,0
1622,906,1334,1,0,0
1623,1226,1286,0,0,0
1624,931,1322,1,0,0
1625,910,1301,1,0,0
1626,930,1301,1,0,0
1627,914,1320,1,0,0
1628,911,1340,1,0,0
1629,860,866,1,0,0
1630,923,1341,1,0,0
1631,853,871,1,0,0
1632,845,867,1,0,0
1633,1257,1278,0,0,0
1634,914,1305,1,0,0
1635,1251,1285,0,0,0
1636,836,886,1,0,0
1637,920,1312,1,0,0
1638,1234,1298,0,0,0
1639,1262,1275,0,0,0
1640,910,1330,1,0,0
1641,924,1334,1,0,0
1642,844,868,1,0,0
1643,1259,1277,0,0,0
1644,851,890,1,0,0
1645,932,1301,1,0,0
1646,923,1349,1,0,0
1647,1239,1296,0,0,0
1648,908,1305,1,0,0
1649,849,892,1,0,0
1650,1263,1281,0,0,0
1651,842,867,1,0,0
1652,1254,1274,0,0,0
1653,1247,1292,0,0,0
1654,1235,1277,0,0,0
1655,1236,1295,0,0,0
1656,932,1342,1,0,0
1657,1228,1267,0,0,0
1658,931,1302,1,0,0
1659,862,896,1,0,0
1660,828,886,1,0,0
1661,1248,1283,0,0,0
1662,1261,1290,0,0,0
1663,858,889,1,0,0
1664,921,1306,1,0,0
1665,1261,1287,0,0,0
1666,936,1304,1,0,0
1667,922,1312,1,0,0
1668,1232,1274,0,0,0
1669,940,1302,1,0,0
1670,827,895,1,0,0
1671,940,1340,1,0,0
1672,942,1324,1,0,0
1673,843,895,1,0,0
1674,862,895,1,0,0
1675,914,1348,1,0,0
1676,913,1307,1,0,0
1677,825,890,1,0,0
1678,1259,1288,0,0,0
1679,1235,1274,0,0,0
1680,925,1329,1,0,0
1681,840,866,1,0,0
1682,829,879,1,0,0
1683,1257,1282,0,0,0
1684,859,881,1,0,0
1685,902,1324,1,0,0
1686,915,1305,1,0,0
1687,863,891,1,0,0
1688,846,880,1,0,0
1689,1246,1283,0,0,0
1690,836,875,1,0,0
1691,843,871,1,0,0
1692,909,1315,1,0,0
1693,1254,1279,0,0,0
1694,1230,1271,0,0,0
1695,901,1346,1,0,0
1696,830,896,1,0,0
1697,859,872,1,0,0
1698,932,1313,1,0,0
1699,1228,1291,0,0,0
1700,1245,1267,0,0,0
1701,1252,1281,0,0,0
1702,930,1327,1,0,0
1703,843,896,1,0,0
1704,851,868,1,0,0
1705,935,1333,1,0,0
1706,910,1305,1,0,0
1707,941,1340,1,0,0
1708,1262,1280,0,0,0
1709,918,1325,1,0,0
1710,916,1309,1,0,0
1711,922,1311,1,0,0
1712,943,1325,1,0,0
1713,935,1305,1,0,0
1714,916,1312,1,0,0
1715,1235,1268,0,0,0
1716,942,1332,1,0,0
1717,938,1345,1,0,0
1718,946,1310,1,0,0
1719,906,1350,1,0,0
1720,1239,1286,0,0,0
1721,1226,1269,0,0,0
1722,928,1330,1,0,0
1723,844,871,1,0,0
1724,927,1349,1,0,0
1725,1230,1293,0,0,0
1726,942,1317,1,0,0
1727,1258,1279,0,0,0
1728,843,881,1,0,0
1729,926,1340,1,0,0
1730,935,1346,1,0,0
1731,1263,1295,0,0,0
1732,918,1320,1,0,0
1733,1249,1284,0,0,0
1734,931,1341,1,0,0
1735,1231,1276,0,0,0
1736,932,1340,1,0,0
1737,846,883,1,0,0
1738,840,880,1,0,0
1739,904,1306,1,0,0
1740,826,897,1,0,0
1741,909,1303,1,0,0
1742,916,1336,1,0,0
1743,1251,1279,0,0,0
1744,934,1315,1,0,0
1745,1260,1295,0,0,0
1746,902,1339,1,0,0
1747,855,890,1,0,0
1748,927,1320,1,0,0
1749,1235,1272,0,0,0
1750,916,1348,1,0,0
1751,833,894,1,0,0
1752,840,874,1,0,0
1753,1235,1286,0,0,0
1754,945,1326,1,0,0
1755,942,1326,1,0,0
1756,940,1315,1,0,0
1757,831,883,1,0,0
1758,923,1308,1,0,0
1759,909,1306,1,0,0
1760,1263,1275,0,0,0
1761,1259,1276,0,0,0
1762,946,1306,1,0,0
1763,919,1324,1,0,0
1764,923,1335,1,0,0
1765,922,1349,1,0,0
1766,1259,1269,0,0,0
1767,940,1335,1,0,0
1768,919,1337,1,0,0
1769,1227,1270,0,0,0
1770,928,1341,1,0,0
1771,1230,1291,0,0,0
1772,853,892,1,0,0
1773,903,1348,1,0,0
1774,931,1312,1,0,0
1775,861,879,1,0,0
1776,830,886,1,0,0
1777,1250,1281,0,0,0
1778,846,867,1,0,0
1779,935,1337,1,0,0
1780,929,1305,1,0,0
1781,1262,1267,0,0,0
1782,920,1335,1,0,0
1783,1235,1293,0,0,0
1784,826,882,1,0,0
1785,829,893,1,0,0
1786,921,1348,1,0,0
1787,916,1339,1,0,0
1788,1235,1295,0,0,0
1789,930,1316,1,0,0
1790,943,1307,1,0,0
1791,847,873,1,0,0
1792,920,1303,1,0,0
1793,837,899,1,0,0
1794,843,892,1,0,0
1795,927,1322,1,0,0
1796,1244,1298,0,0,0
1797,930,1322,1,0,0
1798,831,879,1,0,0
1799,836,868,1,0,0
1800,942,1331,1,0,0
1801,846,868,1,0,0
1802,1232,1297,0,0,0
1803,1248,1277,0,0,0
1804,859,885,1,0,0
1805,916,1303,1,0,0
1806,1258,1289,0,0,0
1807,914,1341,1,0,0
1808,1255,1266,0,0,0
1809,1249,1286,0,0,0
1810,1255,1271,0,0,0
1811,1260,1278,0,0,0
1812,904,1308,1,0,0
1813,928,1314,1,0,0
1814,922,1321,1,0,0
1815,854,874,1,0,0
1816,938,1340,1,0,0
1817,831,875,1,0,0
1818,925,1332,1,0,0
1819,1243,1271,0,0,0
1820,938,1319,1,0,0
1821,1245,1279,0,0,0
1822,835,883,1,0,0
1823,1264,1284,0,0,0
1824,864,886,1,0,0
1825,1264,1279,0,0,0
1826,907,1338,1,0,0
1827,907,1341,1,0,0
1828,1248,1269,0,0,0
1829,848,877,1,0,0
1830,1252,1278,0,0,0
1831,1227,1297,0,0,0
1832,1236,1270,0,0,0
1833,927,1327,1,0,0
1834,917,1319,1,0,0
1835,858,871,1,0,0
1836,922,1341,1,0,0
1837,1249,1277,0,0,0
1838,1241,1277,0,0,0
1839,934,1312,1,0,0
1840,1226,1270,0,0,0
1841,1225,1273,0,0,0
1842,1235,1281,0,0,0
1843,921,1313,1,0,0
1844,1244,1299,0,0,0
1845,921,1350,1,0,0
1846,912,1349,1,0,0
1847,918,1326,1,0,0
1848,843,874,1,0,0
1849,929,1301,1,0,0
1850,827,894,1,0,0
1851,933,1302,1,0,0
1852,850,878,1,0,0
1853,862,869,1,0,0
1854,1253,1278,0,0,0
1855,924,1350,1,0,0
1856,922,1319,1,0,0
1857,916,1307,1,0,0
1858,1264,1292,0,0,0
1859,913,1312,1,0,0
1860,919,1306,1,0,0
1861,940,1332,1,0,0
1862,864,866,1,0,0
1863,838,874,1,0,0
1864,923,1346,1,0,0
1865,1251,1299,0,0,0
1866,1238,1273,0,0,0
1867,841,885,1,0,0
1868,829,896,1,0,0
1869,843,878,1,0,0
1870,911,1303,1,0,0
1871,862,890,1,0,0
1872,1258,1288,0,0,0
1873,843,876,1,0,0
1874,1238,1282,0,0,0
1875,825,873,1,0,0
1876,844,897,1,0,0
1877,945,1324,1,0,0
1878,829,869,1,0,0
1879,1232,1284,0,0,0
1880,829,889,1,0,0
1881,914,1340,1,0,0
1882,922,1339,1,0,0
1883,915,1315,1,0,0
1884,1246,1274,0,0,0
1885,1259,1268,0,0,0
1886,1238,1291,0,0,0
1887,916,1305,1,0,0
1888,915,1326,1,0,0
1889,1233,1266,0,0,0
1890,1256,1269,0,0,0
1891,860,876,1,0,0
1892,913,1303,1,0,0
1893,855,870,1,0,0
1894,1260,1271,0,0,0
1895,1232,1292,0,0,0
1896,848,881,1,0,0
1897,1251,1294,0,0,0
1898,842,897,1,0,0
1899,937,1310,1,0,0
1900,935,1314,1,0,0
1901,933,1323,1,0,0
1902,842,880,1,0,0
1903,912,1348,1,0,0
1904,860,867,1,0,0
1905,904,1328,1,0,0
1906,835,892,1,0,0
1907,928,1334,1,0,0
1908,1228,1290,0,0,0
1909,909,1346,1,0,0
1910,839,887,1,0,0
1911,901,1312,1,0,0
1912,916,1329,1,0,0
1913,908,1322,1,0,0
1914,943,1317,1,0,0
1915,1250,1266,0,0,0
1916,1256,1271,0,0,0
1917,915,1309,1,0,0
1918,915,1345,1,0,0
1919,921,1342,1,0,0
1920,1236,1297,0,0,0
1921,913,1306,1,0,0
1922,861,890,1,0,0
1923,863,892,1,0,0
1924,943,1328,1,0,0
1925,1231,1277,0,0,0
1926,936,1350,1,0,0
1927,914,1318,1,0,0
1928,1229,1283,0,0,0
1929,932,1327,1,0,0
1930,1243,1273,0,0,0
1931,850,874,1,0,0
1932,942,1335,1,0,0
1933,833,871,1,0,0
1934,1244,1273,0,0,0
1935,944,1347,1,0,0
1936,932,1344,1,0,0
1937,847,872,1,0,0
1938,1261,1272,0,0,0
1939,942,1349,1,0,0
1940,1230,1295,0,0,0
1941,908,1340,1,0,0
1942,935,1342,1,0,0
1943,840,894,1,0,0
1944,924,1339,1,0,0
1945,1257,1291,0,0,0
1946,1234,1295,0,0,0
1947,904,1321,1,0,0
1948,837,893,1,0,0
1949,944,1323,1,0,0
1950,1236,1269,0,0,0
1951,926,1323,1,0,0
1952,1231,1270,0,0,0
1953,860,875,1,0,0
1954,1233,1279,0,0,0
1955,921,1325,1,0,0
1956,826,877,1,0,0
1957,839,895,1,0,0
1958,902,1336,1,0,0
1959,1260,1296,0,0,0
1960,915,1335,1,0,0
1961,906,1328,1,0,0
1962,837,896,1,0,0
1963,925,1326,1,0,0
1964,846,866,1,0,0
1965,1232,1278,0,0,0
1966,942,1347,1,0,0
1967,840,873,1,0,0
1968,927,1324,1,0,0
1969,829,873,1,0,0
1970,851,886,1,0,0
1971,916,1343,1,0,0
1972,1241,1285,0,0,0
1973,1247,1293,0,0,0
1974,863,882,1,0,0
1975,924,1314,1,0,0
1976,935,1312,1,0,0
1977,926,1322,1,0,0
1978,863,873,1,0,0
1979,862,873,1,0,0
1980,941,1321,1,0,0
1981,913,1332,1,0,0
1982,1245,1270,0,0,0
1983,940,1341,1,0,0
1984,1254,1277,0,0,0
1985,941,1319,1,0,0
1986,849,894,1,0,0
1987,831,878,1,0,0
1988,919,1312,1,0,0
1989,1259,1296,0,0,0
1990,837,895,1,0,0
1991,1258,1268,0,0,0
1992,1245,1269,0,0,0
1993,945,1337,1,0,0
1994,911,1314,1,0,0
1995,905,1342,1,0,0
1996,1258,1273,0,0,0
1997,931,1318,1,0,0
1998,1254,1282,0,0,0
1999,1255,1289,0,0,0
2000,838,866,1,0,0
2001,919,1334,1,0,0
2002,901,1302,1,0,0
2003,936,1320,1,0,0
2004,856,877,1,0,0
2005,913,1333,1,0,0
2006,1229,1269,0,0,0
2007,914,1316,1,0,0
2008,929,1303,1,0,0
2009,919,1320,1,0,0
2010,1258,1266,0,0,0
2011,931,1327,1,0,0
2012,906,1318,1,0,0
2013,855,880,1,0,0
2014,1241,1266,0,0,0
2015,945,1314,1,0,0
2016,912,1329,1,0,0
2017,1233,1281,0,0,0
2018,919,1310,1,0,0
2019,1248,1268,0,0,0
2020,906,1338,1,0,0
2021,942,1338,1,0,0
2022,929,1326,1,0,0
2023,917,1315,1,0,0
2024,1251,1270,0,0,0
2025,839,876,1,0,0
2026,940,1331,1,0,0
2027,1258,1275,0,0,0
2028,1245,1298,0,0,0
2029,1260,1273,0,0,0
2030,1240,1293,0,0,0
2031,1237,1276,0,0,0
2032,901,1348,1,0,0
2033,1255,1299,0,0,0
2034,923,1313,1,0,0
2035,937,1323,1,0,0
2036,1238,1288,0,0,0
2037,925,1344,1,0,0
2038,917,1348,1,0,0
2039,1242,1272,0,0,0
2040,937,1302,1,0,0
2041,852,879,1,0,0
2042,1225,1296,0,0,0
2043,906,1345,1,0,0
2044,1246,1299,0,0,0
2045,926,1304,1,0,0
2046,918,1318,1,0,0
2047,929,1307,1,0,0
2048,905,1304,1,0,0
2049,911,1330,1,0,0
2050,852,880,1,0,0
2051,924,1309,1,0,0
2052,1250,1271,0,0,0
2053,832,884,1,0,0
2054,832,893,1,0,0
2055,929,1346,1,0,0
2056,1263,1271,0,0,0
2057,860,897,1,0,0
2058,857,876,1,0,0
2059,908,1343,1,0,0
2060,933,1307,1,0,0
2061,1239,1272,0,0,0
2062,840,870,1,0,0
2063,1235,1292,0,0,0
2064,941,1345,1,0,0
2065,924,1304,1,0,0
2066,833,896,1,0,0
2067,827,890,1,0,0
2068,834,884,1,0,0
2069,924,1332,1,0,0
2070,840,895,1,0,0
2071,924,1333,1,0,0
2072,914,1330,1,0,0
2073,1242,1285,0,0,0
2074,841,894,1,0,0
2075,842,890,1,0,0
2076,1227,1268,0,0,0
2077,849,896,1,0,0
2078,1260,1294,0,0,0
2079,837,898,1,0,0
2080,1237,1298,0,0,0
2081,910,1336,1,0,0
2082,831,866,1,0,0
2083,1257,1287,0,0,0
2084,836,867,1,0,0
2085,1232,1268,0,0,0
2086,903,1325,1,0,0
2087,1253,1292,0,0,0
2088,938,1335,1,0,0
2089,825,887,1,0,0
2090,937,1342,1,0,0
2091,1225,1274,0,0,0
2092,1250,1272,0,0,0
2093,851,880,1,0,0
2094,937,1344,1,0,0
2095,857,884,1,0,0
2096,841,899,1,0,0
2097,937,1340,1,0,0
2098,852,886,1,0,0
2099,937,1314,1,0,0
2100,1256,1290,0,0,0
2101,831,894,1,0,0
2102,825,886,1,0,0
2103,828,881,1,0,0
2104,1237,1268,0,0,0
2105,858,873,1,0,0
2106,863,877,1,0,0
2107,1233,1277,0,0,0
2108,909,1313,1,0,0
2109,825,884,1,0,0
2110,912,1319,1,0,0
2111,926,1307,1,0,0
2112,910,1310,1,0,0
2113,926,1315,1,0,0
2114,907,1339,1,0,0
2115,1235,1273,0,0,0
2116,1246,1273,0,0,0
2117,856,875,1,0,0
2118,1232,1287,0,0,0
2119,850,868,1,0,0
2120,851,877,1,0,0
2121,1252,1290,0,0,0
2122,846,896,1,0,0
2123,1237,1269,0,0,0
2124,830,870,1,0,0
2125,908,1304,1,0,0
2126,928,1339,1,0,0
2127,922,1322,1,0,0
2128,1241,1271,0,0,0
2129,1227,1280,0,0,0
2130,836,889,1,0,0
2131,1261,1271,0,0,0
2132,918,1330,1,0,0
2133,929,1321,1,0,0
2134,830,872,1,0,0
2135,1237,1267,0,0,0
2136,938,1337,1,0,0
2137,1230,1276,0,0,0
2138,852,891,1,0,0
2139,1252,1271,0,0,0
2140,1241,1291,0,0,0
2141,845,876,1,0,0
2142,1245,1275,0,0,0
2143,851,875,1,0,0
2144,851,885,1,0,0
2145,833,880,1,0,0
2146,841,890,1,0,0
2147,933,1328,1,0,0
2148,850,891,1,0,0
2149,856,869,1,0,0
2150,860,873,1,0,0
2151,863,871,1,0,0
2152,938,1328,1,0,0
2153,916,1331,1,0,0
2154,1225,1272,0,0,0
2155,919,1322,1,0,0
2156,928,1324,1,0,0
2157,1226,1289,0,0,0
2158,858,896,1,0,0
2159,843,888,1,0,0
2160,939,1307,1,0,0
2161,845,892,1,0,0
2162,933,1314,1,0,0
2163,919,1329,1,0,0
2164,844,879,1,0,0
2165,859,866,1,0,0
2166,931,1325,1,0,0
2167,1253,1282,0,0,0
2168,833,872,1,0,0
2169,1254,1268,0,0,0
2170,1231,1271,0,0,0
2171,937,1341,1,0,0
2172,1237,1273,0,0,0
2173,1254,1270,0,0,0
2174,913,1318,1,0,0
2175,1226,1280,0,0,0
2176,828,866,1,0,0
2177,931,1324,1,0,0
2178,857,870,1,0,0
2179,858,879,1,0,0
2180,910,1350,1,0,0
2181,909,1318,1,0,0
2182,1232,1285,0,0,0
2183,931,1333,1,0,0
2184,1226,1298,0,0,0
2185,910,1318,1,0,0
2186,833,868,1,0,0
2187,1241,1292,0,0,0
2188,901,1350,1,0,0
2189,1225,1267,0,0,0
2190,1248,1267,0,0,0
2191,828,878,1,0,0
2192,1252,1283,0,0,0
2193,912,1342,1,0,0
2194,902,1322,1,0,0
2195,918,1347,1,0,0
2196,852,888,1,0,0
2197,924,1315,1,0,0
2198,834,883,1,0,0
2199,1233,1270,0,0,0
2200,1231,1299,0,0,0
2201,1241,1283,0,0,0
2202,934,1307,1,0,0
2203,919,1326,1,0,0
2204,926,1335,1,0,0
2205,921,1301,1,0,0
2206,913,1330,1,0,0
2207,912,1326,1,0,0
2208,926,1318,1,0,0
2209,1252,1266,0,0,0
2210,1257,1271,0,0,0
2211,833,889,1,0,0
2212,1243,1289,0,0,0
2213,858,882,1,0,0
2214,934,1310,1,0,0
2215,906,1337,1,0,0
2216,1253,1288,0,0,0
2217,910,1307,1,0,0
2218,1251,1274,0,0,0
2219,928,1305,1,0,0
2220,1245,1299,0,0,0
2221,929,1337,1,0,0
2222,853,883,1,0,0
2223,1242,1288,0,0,0
2224,1238,1272,0,0,0
2225,943,1318,1,0,0
2226,836,887,1,0,0
2227,1259,1275,0,0,0
2228,903,1347,1,0,0
2229,923,1333,1,0,0
2230,944,1340,1,0,0
2231,837,876,1,0,0
2232,933,1319,1,0,0
2233,936,1329,1,0,0
2234,837,889,1,0,0
2235,1226,1299,0,0,0
2236,847,897,1,0,0
2237,834,898,1,0,0
2238,853,889,1,0,0
2239,852,867,1,0,0
2240,1236,1278,0,0,0
2241,919,1323,1,0,0
2242,1241,1273,0,0,0
2243,837,881,1,0,0
2244,922,1306,1,0,0
2245,916,1324,1,0,0
2246,945,1331,1,0,0
2247,927,1312,1,0,0
2248,937,1332,1,0,0
2249,932,1307,1,0,0
2250,927,1332,1,0,0
2251,838,868,1,0,0
2252,1230,1283,0,0,0
2253,1247,1290,0,0,0
2254,906,1329,1,0,0
2255,1228,1298,0,0,0
2256,943,1340,1,0,0
2257,1250,1269,0,0,0
2258,857,885,1,0,0
2259,928,1343,1,0,0
2260,850,883,1,0,0
2261,849,889,1,0,0
2262,1247,1273,0,0,0
2263,1252,1270,0,0,0
2264,919,1328,1,0,0
2265,827,867,1,0,0
2266,909,1319,1,0,0
2267,842,893,1,0,0
2268,924,1344,1,0,0
2269,1237,1286,0,0,0
2270,855,884,1,0,0
2271,851,895,1,0,0
2272,919,1307,1,0,0
2273,929,1322,1,0,0
2274,835,895,1,0,0
2275,933,1317,1,0,0
2276,909,1333,1,0,0
2277,1252,1269,0,0,0
2278,943,1321,1,0,0
2279,943,1311,1,0,0
2280,1258,1283,0,0,0
2281,842,871,1,0,0
2282,852,884,1,0,0
2283,1235,1270,0,0,0
2284,825,879,1,0,0
2285,923,1342,1,0,0
2286,932,1350,1,0,0
2287,864,879,1,0,0
2288,933,1320,1,0,0
2289,1241,1286,0,0,0
2290,1228,1273,0,0,0
2291,931,1304,1,0,0
2292,931,1309,1,0,0
2293,834,882,1,0,0
2294,857,883,1,0,0
2295,1238,1298,0,0,0
2296,929,1311,1,0,0
2297,936,1328,1,0,0
2298,924,1325,1,0,0
2299,940,1327,1,0,0
2300,924,1313,1,0,0
2301,922,1329,1,0,0
2302,1263,1299,0,0,0
2303,940,1307,1,0,0
2304,835,885,1,0,0
2305,830,866,1,0,0
2306,1240,1292,0,0,0
2307,839,896,1,0,0
2308,916,1342,1,0,0
2309,1248,1276,0,0,0
2310,933,1326,1,0,0
2311,925,1348,1,0,0
2312,1225,1283,0,0,0
2313,1252,1292,0,0,0
2314,1233,1291,0,0,0
2315,939,1310,1,0,0
2316,1256,1282,0,0,0
2317,945,1335,1,0,0
2318,849,869,1,0,0
2319,847,876,1,0,0
2320,1261,1280,0,0,0
2321,1237,1289,0,0,0
2322,1242,1295,0,0,0
2323,1240,1279,0,0,0
2324,1225,1277,0,0,0
2325,943,1343,1,0,0
2326,938,1308,1,0,0
2327,946,1325,1,0,0
2328,839,883,1,0,0
2329,1241,1293,0,0,0
2330,835,896,1,0,0
2331,1245,1294,0,0,0
2332,941,1315,1,0,0
2333,1230,1267,0,0,0
2334,936,1301,1,0,0
2335,827,878,1,0,0
2336,1250,1299,0,0,0
2337,853,869,1,0,0
2338,1243,1272,0,0,0
2339,835,893,1,0,0
2340,1248,1293,0,0,0
2341,940,1324,1,0,0
2342,938,1327,1,0,0
2343,939,1317,1,0,0
2344,839,877,1,0,0
2345,1232,1294,0,0,0
2346,862,892,1,0,0
2347,944,1326,1,0,0
2348,1261,1283,0,0,0
2349,844,898,1,0,0
2350,905,1320,1,0,0
2351,921,1332,1,0,0
2352,860,884,1,0,0
2353,857,899,1,0,0
2354,1244,1267,0,0,0
2355,901,1314,1,0,0
2356,923,1316,1,0,0
2357,910,1344,1,0,0
2358,943,1324,1,0,0
2359,910,1319,1,0,0
2360,921,1310,1,0,0
2361,859,884,1,0,0
2362,835,891,1,0,0
2363,939,1329,1,0,0
2364,859,891,1,0,0
2365,931,1329,1,0,0
2366,1255,1273,0,0,0
2367,851,881,1,0,0
2368,901,1330,1,0,0
2369,1264,1276,0,0,0
2370,908,1313,1,0,0
2371,932,1334,1,0,0
2372,942,1306,1,0,0
2373,905,1316,1,0,0
2374,928,1302,1,0,0
2375,1264,1271,0,0,0
2376,1228,1270,0,0,0
2377,904,1327,1,0,0
2378,1240,1280,0,0,0
2379,1229,1267,0,0,0
2380,862,867,1,0,0
2381,1253,1275,0,0,0
2382,931,1343,1,0,0
2383,840,887,1,0,0
2384,826,898,1,0,0
2385,1246,1278,0,0,0
2386,907,1307,1,0,0
2387,931,1311,1,0,0
2388,925,1342,1,0,0
2389,847,883,1,0,0
2390,937,1328,1,0,0
2391,922,1347,1,0,0
2392,846,873,1,0,0
2393,836,869,1,0,0
2394,919,1314,1,0,0
2395,908,1311,1,0,0
2396,917,1324,1,0,0
2397,826,899,1,0,0
2398,903,1340,1,0,0
2399,1257,1270,0,0,0
2400,902,1335,1,0,0
2401,1238,1277,0,0,0
2402,1252,1296,0,0,0
2403,1237,1266,0,0,0
2404,1258,1267,0,0,0
2405,1239,1298,0,0,0
2406,849,872,1,0,0
2407,936,1349,1,0,0
2408,946,1317,1,0,0
2409,1249,1274,0,0,0
2410,840,888,1,0,0
2411,1233,1292,0,0,0
2412,830,874,1,0,0
2413,1257,1275,0,0,0
2414,1250,1283,0,0,0
2415,842,869,1,0,0
2416,849,883,1,0,0
2417,841,897,1,0,0
2418,910,1341,1,0,0
2419,845,888,1,0,0
2420,857,878,1,0,0
2421,929,1342,1,0,0
2422,908,1335,1,0,0
2423,848,884,1,0,0
2424,847,892,1,0,0
2425,1249,1267,0,0,0
2426,1257,1269,0,0,0
2427,856,886,1,0,0
2428,941,1322,1,0,0
2429,902,1326,1,0,0
2430,912,1308,1,0,0
2431,921,1303,1,0,0
2432,1239,1284,0,0,0
2433,906,1321,1,0,0
2434,1225,1269,0,0,0
2435,937,1309,1,0,0
2436,1246,1286,0,0,0
2437,1228,1276,0,0,0
2438,914,1319,1,0,0
2439,1257,1267,0,0,0
2440,945,1327,1,0,0
2441,837,868,1,0,0
2442,1242,1283,0,0,0
2443,1231,1282,0,0,0
2444,1242,1297,0,0,0
2445,917,1326,1,0,0
2446,1228,1274,0,0,0
2447,921,1302,1,0,0
2448,913,1316,1,0,0
2449,912,1350,1,0,0
2450,856,898,1,0,0
2451,1234,1285,0,0,0
2452,938,1334,1,0,0
2453,842,899,1,0,0
2454,851,872,1,0,0
2455,936,1348,1,0,0
2456,929,1350,1,0,0
2457,1244,1282,0,0,0
2458,1244,1269,0,0,0
2459,858,895,1,0,0
2460,828,889,1,0,0
2461,901,1341,1,0,0
2462,1240,1295,0,0,0
2463,902,1329,1,0,0
2464,861,878,1,0,0
2465,946,1330,1,0,0
2466,929,1331,1,0,0
2467,935,1344,1,0,0
2468,1228,1271,0,0,0
2469,859,874,1,0,0
2470,827,886,1,0,0
2471,1253,1294,0,0,0
2472,1254,1275,0,0,0
2473,937,1320,1,0,0
2474,1264,1273,0,0,0
2475,927,1339,1,0,0
2476,936,1335,1,0,0
2477,926,1314,1,0,0
2478,1258,1291,0,0,0
2479,944,1328,1,0,0
2480,941,1312,1,0,0
2481,939,1303,1,0,0
2482,915,1302,1,0,0
2483,909,1323,1,0,0
2484,1242,1287,0,0,0
2485,916,1311,1,0,0
2486,1236,1292,0,0,0
2487,1233,1293,0,0,0
2488,1248,1279,0,0,0
2489,921,1335,1,0,0
2490,864,882,1,0,0
2491,902,1301,1,0,0
2492,853,894,1,0,0
2493,918,1302,1,0,0
2494,907,1305,1,0,0
2495,827,882,1,0,0
2496,863,878,1,0,0
2497,916,1349,1,0,0
2498,862,866,1,0,0
2499,829,870,1,0,0
2500,1227,1285,0,0,0
2501,916,1302,1,0,0
2502,909,1350,1,0,0
2503,832,876,1,0,0
2504,913,1301,1,0,0
2505,1256,1295,0,0,0
2506,902,1345,1,0,0
2507,931,1319,1,0,0
2508,1260,1283,0,0,0
2509,838,879,1,0,0
2510,903,1344,1,0,0
2511,847,886,1,0,0
2512,907,1312,1,0,0
2513,939,1311,1,0,0
2514,852,893,1,0,0
2515,921,1326,1,0,0
2516,1263,1278,0,0,0
2517,1254,1269,0,0,0
2518,923,1309,1,0,0
2519,837,880,1,0,0
2520,847,870,1,0,0
2521,943,1304,1,0,0
2522,1225,1279,0,0,0
2523,939,1313,1,0,0
2524,857,895,1,0,0
2525,928,1311,1,0,0
2526,1235,1276,0,0,0
2527,1246,1288,0,0,0
2528,847,867,1,0,0
2529,914,1344,1,0,0
2530,851,894,1,0,0
2531,853,884,1,0,0
2532,934,1335,1,0,0
2533,925,1346,1,0,0
2534,1242,1294,0,0,0
2535,853,867,1,0,0
2536,1261,1288,0,0,0
2537,864,894,1,0,0
2538,1236,1289,0,0,0
2539,846,893,1,0,0
2540,902,1343,1,0,0
2541,848,873,1,0,0
2542,931,1340,1,0,0
2543,919,1344,1,0,0
2544,858,884,1,0,0
2545,908,1326,1,0,0
2546,1264,1288,0,0,0
2547,852,866,1,0,0
2548,853,877,1,0,0
2549,938,1330,1,0,0
2550,1249,1297,0,0,0
2551,938,1304,1,0,0
2552,838,877,1,0,0
2553,917,1330,1,0,0
2554,825,883,1,0,0
2555,924,1330,1,0,0
2556,942,1329,1,0,0
2557,938,1311,1,0,0
2558,921,1337,1,0,0
2559,945,1302,1,0,0
2560,849,875,1,0,0
2561,845,887,1,0,0
2562,1258,1299,0,0,0
2563,1231,1290,0,0,0
2564,842,874,1,0,0
2565,1230,1287,0,0,0
2566,1259,1291,0,0,0
2567,1256,1275,0,0,0
2568,1252,1276,0,0,0
2569,843,879,1,0,0
2570,842,887,1,0,0
2571,1255,1292,0,0,0
2572,925,1327,1,0,0
2573,1264,1266,0,0,0
2574,946,1302,1,0,0
2575,854,891,1,0,0
2576,1264,1272,0,0,0
2577,1256,1292,0,0,0
2578,825,896,1,0,0
2579,938,1347,1,0,0
2580,834,878,1,0,0
2581,843,868,1,0,0
2582,928,1348,1,0,0
2583,935,1329,1,0,0
2584,1247,1297,0,0,0
2585,1246,1285,0,0,0
2586,1240,1290,0,0,0
2587,1263,1287,0,0,0
2588,1226,1291,0,0,0
2589,910,1333,1,0,0
2590,1239,1279,0,0,0
2591,1238,1269,0,0,0
2592,937,1319,1,0,0
2593,1236,1267,0,0,0
2594,918,1336,1,0,0
2595,911,1304,1,0,0
2596,935,1321,1,0,0
2597,925,1318,1,0,0
2598,1248,1290,0,0,0
2599,930,1318,1,0,0
2600,858,892,1,0,0
2601,853,888,1,0,0
2602,942,1320,1,0,0
2603,908,1318,1,0,0
2604,911,1350,1,0,0
2605,925,1343,1,0,0
2606,1263,1276,0,0,0
2607,903,1323,1,0,0
2608,1258,1272,0,0,0
2609,936,1345,1,0,0
2610,941,1341,1,0,0
2611,901,1305,1,0,0
2612,1249,1276,0,0,0
2613,845,894,1,0,0
2614,1245,1282,0,0,0
2615,854,869,1,0,0
2616,946,1326,1,0,0
2617,1242,1278,0,0,0
2618,920,1340,1,0,0
2619,928,1307,1,0,0
2620,935,1318,1,0,0
2621,831,891,1,0,0
2622,1237,1279,0,0,0
2623,1242,1292,0,0,0
2624,945,1348,1,0,0
2625,843,887,1,0,0
2626,1235,1266,0,0,0
2627,901,1301,1,0,0
2628,834,868,1,0,0
2629,923,1312,1,0,0
2630,827,873,1,0,0
2631,1243,1283,0,0,0
2632,843,890,1,0,0
2633,939,1309,1,0,0
2634,856,883,1,0,0
2635,840,892,1,0,0
2636,844,894,1,0,0
2637,1261,1268,0,0,0
2638,826,881,1,0,0
2639,915,1303,1,0,0
2640,834,874,1,0,0
2641,907,1308,1,0,0
2642,913,1337,1,0,0
2643,1252,1282,0,0,0
2644,839,897,1,0,0
2645,1241,1280,0,0,0
2646,1258,1286,0,0,0
2647,854,892,1,0,0
2648,841,873,1,0,0
2649,902,1312,1,0,0
2650,908,1347,1,0,0
2651,906,1324,1,0,0
2652,917,1313,1,0,0
2653,863,887,1,0,0
2654,827,866,1,0,0
2655,1253,1280,0,0,0
2656,908,1308,1,0,0
2657,1244,1295,0,0,0
2658,855,873,1,0,0
2659,911,1316,1,0,0
2660,944,1311,1,0,0
2661,905,1336,1,0,0
2662,913,1331,1,0,0
2663,920,1331,1,0,0
2664,857,882,1,0,0
2665,827,876,1,0,0
2666,942,1325,1,0,0
2667,1251,1284,0,0,0
2668,859,873,1,0,0
2669,1227,1275,0,0,0
2670,934,1330,1,0,0
2671,829,892,1,0,0
2672,903,1320,1,0,0
2673,857,866,1,0,0
2674,931,1328,1,0,0
2675,915,1332,1,0,0
2676,844,885,1,0,0
2677,913,1336,1,0,0
2678,1248,1296,0,0,0
2679,1256,1285,0,0,0
2680,1255,1268,0,0,0
2681,917,1335,1,0,0
2682,941,1313,1,0,0
2683,837,879,1,0,0
2684,1228,1286,0,0,0
2685,1247,1281,0,0,0
2686,1255,1285,0,0,0
2687,1244,1276,0,0,0
2688,907,1314,1,0,0
2689,925,1317,1,0,0
2690,1248,1294,0,0,0
2691,931,1313,1,0,0
2692,1250,1286,0,0,0
2693,853,866,1,0,0
2694,925,1323,1,0,0
2695,832,874,1,0,0
2696,1254,1285,0,0,0
2697,906,1308,1,0,0
2698,906,1304,1,0,0
2699,910,1329,1,0,0
2700,1234,1266,0,0,0
2701,920,1344,1,0,0
2702,924,1308,1,0,0
2703,1247,1275,0,0,0
2704,916,1313,1,0,0
2705,1229,1293,0,0,0
2706,1250,1280,0,0,0
2707,857,872,1,0,0
2708,924,1342,1,0,0
2709,911,1348,1,0,0
2710,851,892,1,0,0
2711,1234,1293,0,0,0
2712,909,1334,1,0,0
2713,903,1328,1,0,0
2714,1248,1286,0,0,0
2715,914,1322,1,0,0
2716,931,1315,1,0,0
2717,933,1305,1,0,0
2718,850,867,1,0,0
2719,936,1325,1,0,0
2720,917,1308,1,0,0
2721,922,1338,1,0,0
2722,1227,1288,0,0,0
2723,928,1310,1,0,0
2724,936,1312,1,0,0
2725,833,893,1,0,0
2726,902,1332,1,0,0
2727,828,898,1,0,0
2728,843,866,1,0,0
2729,932,1345,1,0,0
2730,1256,1280,0,0,0
2731,909,1349,1,0,0
2732,850,885,1,0,0
2733,938,1344,1,0,0
2734,852,883,1,0,0
2735,927,1337,1,0,0
2736,916,1314,1,0,0
2737,1233,1296,0,0,0
2738,905,1335,1,0,0
2739,1241,1299,0,0,0
2740,826,893,1,0,0
2741,833,879,1,0,0
2742,915,1318,1,0,0
2743,920,1318,1,0,0
2744,1245,1290,0,0,0
2745,932,1305,1,0,0
2746,924,1301,1,0,0
2747,1259,1286,0,0,0
2748,861,880,1,0,0
2749,910,1339,1,0,0
2750,830,881,1,0,0
2751,914,1317,1,0,0
2752,935,1350,1,0,0
2753,922,1334,1,0,0
2754,1249,1285,0,0,0
2755,909,1312,1,0,0
2756,914,1310,1,0,0
2757,832,886,1,0,0
2758,939,1337,1,0,0
2759,916,1350,1,0,0
2760,1244,1270,0,0,0
2761,934,1311,1,0,0
2762,853,878,1,0,0
2763,853,874,1,0,0
2764,859,898,1,0,0
2765,1260,1291,0,0,0
2766,944,1346,1,0,0
2767,911,1335,1,0,0
2768,854,894,1,0,0
2769,837,877,1,0,0
2770,864,872,1,0,0
2771,1247,1278,0,0,0
2772,1226,1271,0,0,0
2773,853,895,1,0,0
2774,915,1338,1,0,0
2775,1233,1272,0,0,0
2776,925,1312,1,0,0
2777,840,868,1,0,0
2778,841,875,1,0,0
2779,833,882,1,0,0
2780,831,881,1,0,0
2781,917,1349,1,0,0
2782,923,1336,1,0,0
2783,1256,1288,0,0,0
2784,922,1346,1,0,0
2785,928,1322,1,0,0
2786,834,891,1,0,0
2787,847,868,1,0,0
2788,931,1335,1,0,0
2789,908,1329,1,0,0
2790,901,1324,1,0,0
2791,831,898,1,0,0
2792,908,1331,1,0,0
2793,1258,1274,0,0,0
2794,826,872,1,0,0
2795,1235,1299,0,0,0
2796,848,866,1,0,0
2797,942,1311,1,0,0
2798,1247,1289,0,0,0
2799,943,1347,1,0,0
2800,1244,1283,0,0,0
2801,826,874,1,0,0
2802,1242,1298,0,0,0
2803,934,1308,1,0,0
2804,941,1307,1,0,0
2805,930,1315,1,0,0
2806,832,880,1,0,0
2807,926,1316,1,0,0
2808,837,871,1,0,0
2809,926,1338,1,0,0
2810,930,1308,1,0,0
2811,1246,1276,0,0,0
2812,1255,1297,0,0,0
2813,921,1336,1,0,0
2814,1242,1268,0,0,0
2815,1253,1291,0,0,0
2816,932,1312,1,0,0
2817,829,880,1,0,0
2818,923,1331,1,0,0
2819,927,1303,1,0,0
2820,918,1329,1,0,0
2821,831,889,1,0,0
2822,928,1320,1,0,0
2823,852,871,1,0,0
2824,917,1311,1,0,0
2825,911,1322,1,0,0
2826,1229,1273,0,0,0
2827,1246,1292,0,0,0
2828,910,1342,1,0,0
2829,1231,1274,0,0,0
2830,913,1304,1,0,0
2831,1239,1274,0,0,0
2832,838,884,1,0,0
2833,904,1341,1,0,0
2834,1228,1282,0,0,0
2835,859,892,1,0,0
2836,902,1331,1,0,0
2837,1255,1290,0,0,0
2838,913,1325,1,0,0
2839,942,1302,1,0,0
2840,920,1314,1,0,0
2841,852,889,1,0,0
2842,839,880,1,0,0
2843,946,1305,1,0,0
2844,1262,1269,0,0,0
2845,927,1313,1,0,0
2846,826,890,1,0,0
2847,1260,1272,0,0,0
2848,1240,1294,0,0,0
2849,1252,1289,0,0,0
2850,844,884,1,0,0
2851,932,1306,1,0,0
2852,940,1310,1,0,0
2853,905,1345,1,0,0
2854,906,1348,1,0,0
2855,905,1323,1,0,0
2856,1254,1284,0,0,0
2857,1233,1288,0,0,0
2858,918,1313,1,0,0
2859,912,1347,1,0,0
2860,1225,1276,0,0,0
2861,925,1349,1,0,0
2862,942,1348,1,0,0
2863,928,1303,1,0,0
2864,828,869,1,0,0
2865,928,1317,1,0,0
2866,1238,1292,0,0,0
2867,939,1334,1,0,0
2868,1250,1298,0,0,0
2869,938,1313,1,0,0
2870,838,880,1,0,0
2871,942,1327,1,0,0
2872,1250,1274,0,0,0
2873,1234,1279,0,0,0
2874,902,1341,1,0,0
2875,1226,1293,0,0,0
2876,928,1333,1,0,0
2877,855,876,1,0,0
2878,1250,1267,0,0,0
2879,943,1336,1,0,0
2880,1254,1271,0,0,0
2881,1257,1279,0,0,0
2882,1241,1267,0,0,0
2883,856,876,1,0,0
2884,843,867,1,0,0
2885,861,870,1,0,0
2886,923,1302,1,0,0
2887,902,1308,1,0,0
2888,929,1343,1,0,0
2889,910,1320,1,0,0
2890,1254,1289,0,0,0
2891,935,1322,1,0,0
2892,843,877,1,0,0
2893,844,866,1,0,0
2894,944,1341,1,0,0
2895,828,891,1,0,0
2896,1234,1281,0,0,0
2897,920,1323,1,0,0
2898,843,882,1,0,0
2899,854,890,1,0,0
2900,929,1347,1,0,0
2901,1227,1279,0,0,0
2902,830,883,1,0,0
2903,832,870,1,0,0
2904,1249,1289,0,0,0
2905,939,1344,1,0,0
2906,830,891,1,0,0
2907,1239,1275,0,0,0
2908,1255,1269,0,0,0
2909,838,896,1,0,0
2910,848,880,1,0,0
2911,938,1303,1,0,0
2912,1229,1285,0,0,0
2913,841,872,1,0,0
2914,840,889,1,0,0
2915,1252,1285,0,0,0
2916,926,1310,1,0,0
2917,1237,1296,0,0,0
2918,1233,1269,0,0,0
2919,1228,1266,0,0,0
2920,840,893,1,0,0
2921,915,1346,1,0,0
2922,832,871,1,0,0
2923,840,882,1,0,0
2924,938,1307,1,0,0
2925,926,1334,1,0,0
2926,1241,1287,0,0,0
2927,864,871,1,0,0
2928,1254,1292,0,0,0
2929,1262,1278,0,0,0
2930,861,869,1,0,0
2931,907,1301,1,0,0
2932,1234,1292,0,0,0
2933,1262,1295,0,0,0
2934,832,890,1,0,0
2935,939,1321,1,0,0
2936,914,1323,1,0,0
2937,1256,1283,0,0,0
2938,1253,1298,0,0,0
2939,840,877,1,0,0
2940,841,868,1,0,0
2941,939,1314,1,0,0
2942,855,894,1,0,0
2943,1248,1291,0,0,0
2944,1227,1274,0,0,0
2945,909,1314,1,0,0
2946,1243,1269,0,0,0
2947,907,1318,1,0,0
2948,1232,1275,0,0,0
2949,917,1343,1,0,0
2950,912,1327,1,0,0
2951,945,1319,1,0,0
2952,1263,1277,0,0,0
2953,930,1337,1,0,0
2954,934,1348,1,0,0
2955,921,1346,1,0,0
2956,933,1337,1,0,0
2957,1250,1293,0,0,0
2958,1243,1290,0,0,0
2959,832,867,1,0,0
2960,906,1320,1,0,0
2961,916,1338,1,0,0
2962,853,882,1,0,0
2963,922,1318,1,0,0
2964,1245,1287,0,0,0
2965,864,869,1,0,0
2966,924,1327,1,0,0
2967,930,1340,1,0,0
2968,1246,1289,0,0,0
2969,833,892,1,0,0
2970,1240,1288,0,0,0
2971,940,1306,1,0,0
2972,929,1319,1,0,0
2973,838,891,1,0,0
2974,918,1324,1,0,0
2975,1251,1298,0,0,0
2976,907,1347,1,0,0
2977,922,1314,1,0,0
2978,1262,1277,0,0,0
2979,931,1348,1,0,0
2980,1243,1268,0,0,0
2981,930,1343,1,0,0
2982,914,1304,1,0,0
2983,913,1342,1,0,0
2984,1234,1294,0,0,0
2985,848,899,1,0,0
2986,1253,1295,0,0,0
2987,1258,1297,0,0,0
2988,1244,1294,0,0,0
2989,931,1307,1,0,0
2990,928,1304,1,0,0
2991,912,1321,1,0,0
2992,923,1330,1,0,0
2993,829,894,1,0,0
2994,922,1301,1,0,0
2995,1225,1282,0,0,0
2996,1239,1297,0,0,0
2997,908,1346,1,0,0
2998,843,886,1,0,0
2999,828,885,1,0,0
3000,922,1348,1,0,0
3001,909,1327,1,0,0
3002,935,1302,1,0,0
3003,862,899,1,0,0
3004,932,1346,1,0,0
3005,859,882,1,0,0
3006,854,886,1,0,0
3007,1253,1287,0,0,0
3008,842,870,1,0,0
3009,1240,1272,0,0,0
3010,920,1307,1,0,0
3011,1251,1272,0,0,0
3012,1243,1278,0,0,0
3013,924,1305,1,0,0
3014,926,1343,1,0,0
3015,926,1317,1,0,0
3016,1255,1272,0,0,0
3017,831,890,1,0,0
3018,911,1328,1,0,0
3019,836,893,1,0,0
3020,943,1319,1,0,0
3021,832,899,1,0,0
3022,907,1324,1,0,0
3023,915,1310,1,0,0
3024,1256,1287,0,0,0
3025,842,888,1,0,0
3026,1237,1285,0,0,0
3027,1233,1294,0,0,0
3028,926,1301,1,0,0
3029,920,1330,1,0,0
3030,844,875,1,0,0
3031,921,1309,1,0,0
3032,927,1347,1,0,0
3033,939,1347,1,0,0
3034,1239,1287,0,0,0
3035,1250,1275,0,0,0
3036,825,898,1,0,0
3037,827,897,1,0,0
3038,1253,1290,0,0,0
3039,858,887,1,0,0
3040,942,1330,1,0,0
3041,907,1326,1,0,0
3042,1260,1275,0,0,0
3043,937,1335,1,0,0
3044,925,1316,1,0,0
3045,1240,1296,0,0,0
3046,903,1345,1,0,0
3047,934,1329,1,0,0
3048,1230,1278,0,0,0
3049,930,1320,1,0,0
3050,839,890,1,0,0
3051,1254,1276,0,0,0
3052,944,1317,1,0,0
3053,1262,1289,0,0,0
3054,1238,1276,0,0,0
3055,854,867,1,0,0
3056,1238,1299,0,0,0
3057,917,1332,1,0,0
3058,832,889,1,0,0
3059,920,1332,1,0,0
3060,912,1325,1,0,0
3061,917,1345,1,0,0
3062,917,1312,1,0,0
3063,925,1305,1,0,0
3064,905,1325,1,0,0
3065,1240,1277,0,0,0
3066,862,897,1,0,0
3067,930,1326,1,0,0
3068,910,1338,1,0,0
3069,1255,1275,0,0,0
3070,1237,1288,0,0,0
3071,1227,1282,0,0,0
3072,826,875,1,0,0
3073,1251,1291,0,0,0
3074,849,880,1,0,0
3075,944,1332,1,0,0
3076,912,1343,1,0,0
3077,941,1303,1,0,0
3078,1258,1278,0,0,0
3079,942,1308,1,0,0
3080,931,1345,1,0,0
3081,907,1322,1,0,0
3082,943,1345,1,0,0
3083,914,1343,1,0,0
3084,1241,1269,0,0,0
3085,1264,1290,0,0,0
3086,1238,1290,0,0,0
3087,923,1327,1,0,0
3088,909,1340,1,0,0
3089,921,1334,1,0,0
3090,1228,1272,0,0,0
3091,1234,1267,0,0,0
3092,901,1313,1,0,0
3093,934,1319,1,0,0
3094,848,896,1,0,0
3095,909,1321,1,0,0
3096,910,1309,1,0,0
3097,844,867,1,0,0
3098,904,1339,1,0,0
3099,1230,1292,0,0,0
3100,913,1321,1,0,0
3101,908,1301,1,0,0
3102,903,1310,1,0,0
3103,920,1342,1,0,0
3104,1236,1283,0,0,0
3105,1234,1268,0,0,0
3106,829,891,1,0,0
3107,934,1309,1,0,0
3108,944,1349,1,0,0
3109,833,884,1,0,0
3110,1259,1273,0,0,0
3111,848,876,1,0,0
3112,908,1320,1,0,0
3113,905,1322,1,0,0
3114,849,874,1,0,0
3115,842,876,1,0,0
3116,901,1322,1,0,0
3117,825,881,1,0,0
3118,927,1343,1,0,0
3119,918,1348,1,0,0
3120,910,1348,1,0,0
3121,920,1347,1,0,0
3122,851,899,1,0,0
3123,916,1345,1,0,0
3124,917,1317,1,0,0
3125,933,1308,1,0,0
3126,936,1347,1,0,0
3127,916,1317,1,0,0
3128,907,1343,1,0,0
3129,903,1332,1,0,0
3130,932,1310,1,0,0
3131,1257,1277,0,0,0
3132,935,1325,1,0,0
3133,834,888,1,0,0
3134,1246,1275,0,0,0
3135,925,1311,1,0,0
3136,1263,1266,0,0,0
3137,1235,1283,0,0,0
3138,1227,1296,0,0,0
3139,1229,1295,0,0,0
3140,943,1335,1,0,0
3141,926,1302,1,0,0
3142,923,1328,1,0,0
3143,828,899,1,0,0
3144,932,1316,1,0,0
3145,1260,1293,0,0,0
3146,861,895,1,0,0
3147,1254,1288,0,0,0
3148,933,1324,1,0,0
3149,826,879,1,0,0
3150,906,1317,1,0,0
3151,916,1326,1,0,0
3152,850,899,1,0,0
3153,1225,1270,0,0,0
3154,912,1334,1,0,0
3155,920,1345,1,0,0
3156,925,1306,1,0,0
3157,910,1326,1,0,0
3158,914,1302,1,0,0
3159,826,892,1,0,0
3160,919,1311,1,0,0
3161,1264,1282,0,0,0
3162,830,893,1,0,0
3163,1260,1284,0,0,0
3164,1255,1276,0,0,0
3165,904,1324,1,0,0
3166,859,896,1,0,0
3167,827,869,1,0,0
3168,904,1302,1,0,0
3169,846,885,1,0,0
3170,903,1327,1,0,0
3171,945,1307,1,0,0
3172,839,872,1,0,0
3173,1260,1289,0,0,0
3174,934,1333,1,0,0
3175,841,886,1,0,0
3176,832,869,1,0,0
3177,936,1341,1,0,0
3178,914,1350,1,0,0
3179,925,1302,1,0,0
3180,905,1305,1,0,0
3181,931,1338,1,0,0
3182,1253,1274,0,0,0
3183,940,1344,1,0,0
3184,1244,1275,0,0,0
3185,1226,1272,0,0,0
3186,856,888,1,0,0
3187,1258,1271,0,0,0
3188,838,867,1,0,0
3189,1261,1284,0,0,0
3190,912,1346,1,0,0
3191,845,872,1,0,0
3192,936,1322,1,0,0
3193,856,867,1,0,0
3194,908,1315,1,0,0
3195,1257,1292,0,0,0
3196,907,1310,1,0,0
3197,863,867,1,0,0
3198,907,1328,1,0,0
3199,912,1315,1,0,0
3200,904,1305,1,0,0
3201,851,896,1,0,0
3202,938,1338,1,0,0
3203,845,882,1,0,0
3204,909,1337,1,0,0
3205,1255,1296,0,0,0
3206,1249,1291,0,0,0
3207,833,890,1,0,0
3208,904,1320,1,0,0
3209,825,899,1,0,0
3210,927,1330,1,0,0
3211,936,1309,1,0,0
3212,827,884,1,0,0
3213,1236,1290,0,0,0
3214,864,899,1,0,0
3215,858,894,1,0,0
3216,919,1350,1,0,0
3217,931,1347,1,0,0
3218,1244,1272,0,0,0
3219,919,1305,1,0,0
3220,1231,1293,0,0,0
3221,1230,1277,0,0,0
3222,834,886,1,0,0
3223,932,1309,1,0,0
3224,943,1333,1,0,0
3225,902,1306,1,0,0
3226,853,886,1,0,0
3227,1254,1291,0,0,0
3228,933,1301,1,0,0
3229,855,888,1,0,0
3230,1256,1286,0,0,0
3231,926,1336,1,0,0
3232,829,878,1,0,0
3233,942,1303,1,0,0
3234,930,1330,1,0,0
3235,837,866,1,0,0
3236,1254,1283,0,0,0
3237,1229,1276,0,0,0
3238,847,899,1,0,0
3239,1240,1289,0,0,0
3240,942,1315,1,0,0
3241,913,1328,1,0,0
3242,1251,1295,0,0,0
3243,851,897,1,0,0
3244,934,1306,1,0,0
3245,1256,1278,0,0,0
3246,945,1342,1,0,0
3247,829,867,1,0,0
3248,925,1334,1,0,0
3249,830,880,1,0,0
3250,829,877,1,0,0
3251,855,867,1,0,0
3252,901,1327,1,0,0
3253,930,1334,1,0,0
3254,1257,1284,0,0,0
3255,936,1308,1,0,0
3256,828,872,1,0,0
3257,939,1339,1,0,0
3258,1246,1269,0,0,0
3259,914,1349,1,0,0
3260,908,1303,1,0,0
3261,911,1331,1,0,0
3262,827,874,1,0,0
3263,862,889,1,0,0
3264,939,1316,1,0,0
3265,837,874,1,0,0
3266,844,899,1,0,0
3267,1257,1266,0,0,0
3268,1235,1288,0,0,0
3269,908,1328,1,0,0
3270,1244,1278,0,0,0
3271,934,1345,1,0,0
3272,909,1308,1,0,0
3273,864,885,1,0,0
3274,928,1323,1,0,0
3275,1247,1288,0,0,0
3276,849,868,1,0,0
3277,934,1317,1,0,0
3278,854,895,1,0,0
3279,830,879,1,0,0
3280,858,893,1,0,0
3281,930,1303,1,0,0
3282,921,1329,1,0,0
3283,906,1344,1,0,0
3284,1261,1294,0,0,0
3285,847,896,1,0,0
3286,853,897,1,0,0
3287,934,1318,1,0,0
3288,901,1347,1,0,0
3289,1259,1290,0,0,0
3290,937,1336,1,0,0
3291,838,892,1,0,0
3292,936,1346,1,0,0
3293,854,877,1,0,0
3294,858,886,1,0,0
3295,860,894,1,0,0
3296,914,1333,1,0,0
3297,1243,1291,0,0,0
3298,910,1335,1,0,0
3299,840,881,1,0,0
3300,848,882,1,0,0
3301,911,1320,1,0,0
3302,1250,1295,0,0,0
3303,901,1338,1,0,0
3304,856,884,1,0,0
3305,929,1334,1,0,0
3306,843,898,1,0,0
3307,909,1330,1,0,0
3308,902,1318,1,0,0
3309,1232,1291,0,0,0
3310,917,1327,1,0,0
3311,1246,1287,0,0,0
3312,864,881,1,0,0
3313,831,899,1,0,0
3314,918,1307,1,0,0
3315,1227,1295,0,0,0
3316,850,884,1,0,0
3317,907,1333,1,0,0
3318,924,1340,1,0,0
3319,847,880,1,0,0
3320,932,1337,1,0,0
3321,1260,1276,0,0,0
3322,915,1325,1,0,0
3323,942,1350,1,0,0
3324,914,1314,1,0,0
3325,904,1301,1,0,0
3326,919,1348,1,0,0
3327,917,1322,1,0,0
3328,1261,1291,0,0,0
3329,930,1312,1,0,0
3330,1230,1282,0,0,0
3331,935,1336,1,0,0
3332,927,1331,1,0,0
3333,945,1347,1,0,0
3334,941,1349,1,0,0
3335,843,885,1,0,0
3336,1262,1285,0,0,0
3337,946,1309,1,0,0
3338,939,1348,1,0,0
3339,833,875,1,0,0
3340,923,1348,1,0,0
3341,931,1326,1,0,0
3342,864,868,1,0,0
3343,904,1318,1,0,0
3344,1228,1277,0,0,0
3345,841,878,1,0,0
3346,1228,1281,0,0,0
3347,1242,1271,0,0,0
3348,1240,1268,0,0,0
3349,863,866,1,0,0
3350,841,881,1,0,0
3351,920,1348,1,0,0
3352,1261,1266,0,0,0
3353,934,1347,1,0,0
3354,945,1322,1,0,0
3355,936,1343,1,0,0
3356,1232,1267,0,0,0
3357,839,874,1,0,0
3358,1259,1274,0,0,0
3359,1254,1295,0,0,0
3360,1257,1289,0,0,0
3361,1226,1266,0,0,0
3362,1250,1287,0,0,0
3363,1255,1267,0,0,0
3364,918,1316,1,0,0
3365,1227,1266,0,0,0
3366,943,1305,1,0,0
3367,1259,1294,0,0,0
3368,915,1319,1,0,0
3369,1242,1291,0,0,0
3370,855,896,1,0,0
3371,935,1327,1,0,0
3372,934,1346,1,0,0
3373,913,1334,1,0,0
3374,1246,1280,0,0,0
3375,862,882,1,0,0
3376,1241,1274,0,0,0
3377,830,867,1,0,0
3378,937,1327,1,0,0
3379,1239,1291,0,0,0
3380,861,875,1,0,0
3381,853,868,1,0,0
3382,935,1338,1,0,0
3383,1231,1281,0,0,0
3384,918,1333,1,0,0
3385,837,867,1,0,0
3386,842,879,1,0,0
3387,1238,1283,0,0,0
3388,945,1305,1,0,0
3389,940,1345,1,0,0
3390,928,1346,1,0,0
3391,857,894,1,0,0
3392,1234,1290,0,0,0
3393,846,871,1,0,0
3394,856,870,1,0,0
3395,936,1327,1,0,0
3396,943,1316,1,0,0
3397,1240,1282,0,0,0
3398,837,884,1,0,0
3399,936,1317,1,0,0
3400,843,897,1,0,0
3401,943,1329,1,0,0
3402,830,885,1,0,0
3403,914,1321,1,0,0
3404,1249,1269,0,0,0
3405,839,871,1,0,0
3406,1239,1285,0,0,0
3407,931,1339,1,0,0
3408,904,1348,1,0,0
3409,1250,1292,0,0,0
3410,941,1330,1,0,0
3411,1252,1286,0,0,0
3412,858,869,1,0,0
3413,852,890,1,0,0
3414,932,1324,1,0,0
3415,927,1335,1,0,0
3416,922,1343,1,0,0
3417,914,1328,1,0,0
3418,1260,1288,0,0,0
3419,1247,1296,0,0,0
3420,845,885,1,0,0
3421,940,1317,1,0,0
3422,840,867,1,0,0
3423,835,879,1,0,0
3424,923,1303,1,0,0
3425,837,890,1,0,0
3426,919,1303,1,0,0
3427,1233,1297,0,0,0
3428,1241,1294,0,0,0
3429,913,1302,1,0,0
3430,1243,1281,0,0,0
3431,925,1301,1,0,0
3432,1231,1266,0,0,0
3433,906,1331,1,0,0
3434,841,880,1,0,0
3435,1234,1286,0,0,0
3436,1245,1266,0,0,0
3437,935,1310,1,0,0
3438,861,898,1,0,0
3439,1228,1285,0,0,0
3440,924,1347,1,0,0
3441,932,1328,1,0,0
3442,853,893,1,0,0
3443,827,881,1,0,0
3444,912,1333,1,0,0
3445,1249,1281,0,0,0
3446,1264,1295,0,0,0
3447,908,1319,1,0,0
3448,944,1330,1,0,0
3449,909,1324,1,0,0
3450,916,1333,1,0,0
3451,915,1349,1,0,0
3452,901,1318,1,0,0
3453,836,880,1,0,0
3454,902,1350,1,0,0
3455,930,1321,1,0,0
3456,1236,1280,0,0,0
3457,944,1348,1,0,0
3458,842,884,1,0,0
3459,827,880,1,0,0
3460,1231,1278,0,0,0
3461,1236,1274,0,0,0
3462,902,1349,1,0,0
3463,901,1320,1,0,0
3464,942,1340,1,0,0
3465,849,878,1,0,0
3466,934,1303,1,0,0
3467,861,877,1,0,0
3468,857,874,1,0,0
3469,1241,1289,0,0,0
3470,1263,1285,0,0,0
3471,941,1335,1,0,0
3472,945,1304,1,0,0
3473,857,875,1,0,0
3474,829,881,1,0,0
3475,835,870,1,0,0
3476,855,886,1,0,0
3477,1262,1274,0,0,0
3478,830,887,1,0,0
3479,907,1334,1,0,0
3480,921,1324,1,0,0
3481,1238,1270,0,0,0
3482,847,879,1,0,0
3483,919,1325,1,0,0
3484,1255,1277,0,0,0
3485,934,1328,1,0,0
3486,840,878,1,0,0
3487,1230,1296,0,0,0
3488,848,871,1,0,0
3489,840,876,1,0,0
3490,915,1306,1,0,0
3491,842,873,1,0,0
3492,1242,1296,0,0,0
3493,834,869,1,0,0
3494,902,1347,1,0,0
3495,923,1306,1,0,0
3496,857,896,1,0,0
3497,1228,1288,0,0,0
3498,850,876,1,0,0
3499,941,1320,1,0,0
3500,946,1303,1,0,0
3501,826,895,1,0,0
3502,846,872,1,0,0
3503,946,1314,1,0,0
3504,910,1317,1,0,0
3505,1225,1288,0,0,0
3506,904,1314,1,0,0
3507,1250,1284,0,0,0
3508,907,1350,1,0,0
3509,853,873,1,0,0
3510,1248,1284,0,0,0
3511,859,871,1,0,0
3512,1260,1280,0,0,0
3513,911,1326,1,0,0
3514,1231,1275,0,0,0
3515,1260,1266,0,0,0
3516,833,881,1,0,0
3517,1263,1270,0,0,0
3518,1262,1286,0,0,0
3519,935,1347,1,0,0
3520,840,872,1,0,0
3521,861,876,1,0,0
3522,1260,1267,0,0,0
3523,1241,1272,0,0,0
3524,860,895,1,0,0
3525,850,888,1,0,0
3526,924,1310,1,0,0
3527,938,1329,1,0,0
3528,856,899,1,0,0
3529,927,1334,1,0,0
3530,906,1309,1,0,0
3531,922,1324,1,0,0
3532,1232,1273,0,0,0
3533,849,884,1,0,0
3534,855,877,1,0,0
3535,845,881,1,0,0
3536,920,1341,1,0,0
3537,919,1317,1,0,0
3538,837,887,1,0,0
3539,854,897,1,0,0
3540,829,885,1,0,0
3541,847,894,1,0,0
3542,861,894,1,0,0
3543,920,1339,1,0,0
3544,1261,1293,0,0,0
3545,843,880,1,0,0
3546,835,878,1,0,0
3547,845,891,1,0,0
3548,1236,1285,0,0,0
3549,1244,1291,0,0,0
3550,825,871,1,0,0
3551,1260,1268,0,0,0
3552,903,1350,1,0,0
3553,1250,1278,0,0,0
3554,933,1309,1,0,0
3555,927,1305,1,0,0
3556,840,883,1,0,0
3557,916,1316,1,0,0
3558,906,1314,1,0,0
3559,1241,1281,0,0,0
3560,907,1346,1,0,0
3561,1237,1294,0,0,0
3562,1227,1277,0,0,0
3563,920,1337,1,0,0
3564,925,1325,1,0,0
3565,838,890,1,0,0
3566,855,897,1,0,0
3567,833,897,1,0,0
3568,927,1345,1,0,0
3569,1239,1266,0,0,0
3570,916,1308,1,0,0
3571,855,869,1,0,0
3572,941,1317,1,0,0
3573,845,866,1,0,0
3574,908,1327,1,0,0
3575,857,879,1,0,0
3576,904,1343,1,0,0
3577,944,1345,1,0,0
3578,931,1331,1,0,0
3579,903,1331,1,0,0
3580,1254,1266,0,0,0
3581,911,1310,1,0,0
3582,926,1303,1,0,0
3583,1246,1290,0,0,0
3584,918,1342,1,0,0
3585,1235,1296,0,0,0
3586,1246,1279,0,0,0
3587,859,899,1,0,0
3588,1225,1298,0,0,0
3589,1253,1271,0,0,0
3590,936,1306,1,0,0
3591,1230,1268,0,0,0
3592,902,1303,1,0,0
3593,944,1314,1,0,0
3594,945,1301,1,0,0
3595,908,1302,1,0,0
3596,1250,1268,0,0,0
3597,861,896,1,0,0
3598,1255,1280,0,0,0
3599,1242,1275,0,0,0
3600,938,1324,1,0,0
3601,917,1337,1,0,0
3602,1236,1271,0,0,0
3603,1249,1288,0,0,0
3604,1256,1279,0,0,0
3605,832,877,1,0,0
3606,1244,1277,0,0,0
3607,930,1314,1,0,0
3608,831,896,1,0,0
3609,913,1326,1,0,0
3610,907,1348,1,0,0
3611,914,1332,1,0,0
3612,940,1321,1,0,0
3613,827,899,1,0,0
3614,1259,1284,0,0,0
3615,933,1335,1,0,0
3616,1239,1289,0,0,0
3617,1264,1274,0,0,0
3618,862,885,1,0,0
3619,846,889,1,0,0
3620,904,1322,1,0,0
3621,860,898,1,0,0
3622,1255,1291,0,0,0
3623,1229,1284,0,0,0
3624,863,894,1,0,0
3625,1243,1274,0,0,0
3626,945,1336,1,0,0
3627,1229,1287,0,0,0
3628,920,1317,1,0,0
3629,836,897,1,0,0
3630,937,1304,1,0,0
3631,860,868,1,0,0
3632,1232,1282,0,0,0
3633,836,874,1,0,0
3634,854,888,1,0,0
3635,1245,1280,0,0,0
3636,936,1310,1,0,0
3637,925,1336,1,0,0
3638,1227,1284,0,0,0
3639,831,873,1,0,0
3640,920,1320,1,0,0
3641,834,876,1,0,0
3642,1240,1267,0,0,0
3643,945,1303,1,0,0
3644,1250,1276,0,0,0
3645,935,1324,1,0,0
3646,1261,1296,0,0,0
3647,904,1347,1,0,0
3648,841,892,1,0,0
3649,940,1329,1,0,0
3650,1245,1273,0,0,0
3651,1236,1296,0,0,0
3652,841,882,1,0,0
3653,917,1344,1,0,0
3654,828,867,1,0,0
3655,932,1323,1,0,0
3656,1246,1294,0,0,0
3657,856,893,1,0,0
3658,905,1319,1,0,0
3659,944,1331,1,0,0
3660,930,1338,1,0,0
3661,944,1301,1,0,0
3662,829,890,1,0,0
3663,1232,1276,0,0,0
3664,921,1321,1,0,0
3665,922,1320,1,0,0
3666,858,878,1,0,0
3667,849,873,1,0,0
3668,913,1322,1,0,0
3669,834,881,1,0,0
3670,929,1316,1,0,0
3671,859,878,1,0,0
3672,939,1323,1,0,0
3673,911,1336,1,0,0
3674,1228,1275,0,0,0
3675,929,1304,1,0,0
3676,1236,1287,0,0,0
3677,942,1337,1,0,0
3678,839,893,1,0,0
3679,943,1315,1,0,0
3680,942,1336,1,0,0
3681,1257,1283,0,0,0
3682,923,1332,1,0,0
3683,943,1322,1,0,0
3684,831,872,1,0,0
3685,939,1306,1,0,0
3686,941,1329,1,0,0
3687,926,1311,1,0,0
3688,854,868,1,0,0
3689,844,877,1,0,0
3690,938,1318,1,0,0
3691,1243,1285,0,0,0
3692,923,1350,1,0,0
3693,944,1343,1,0,0
3694,1251,1281,0,0,0
3695,909,1311,1,0,0
3696,936,1318,1,0,0
3697,858,876,1,0,0
3698,839,875,1,0,0
3699,841,887,1,0,0
3700,919,1347,1,0,0
3701,907,1329,1,0,0
3702,845,868,1,0,0
3703,1262,1273,0,0,0
3704,908,1342,1,0,0
3705,1237,1291,0,0,0
3706,1249,1283,0,0,0
3707,848,869,1,0,0
3708,917,1305,1,0,0
3709,838,886,1,0,0
3710,1230,1279,0,0,0
3711,1258,1280,0,0,0
3712,943,1303,1,0,0
3713,935,1331,1,0,0
3714,939,1341,1,0,0
3715,937,1349,1,0,0
3716,1257,1294,0,0,0
3717,912,1323,1,0,0
3718,920,1326,1,0,0
3719,939,1333,1,0,0
3720,1238,1274,0,0,0
3721,1228,1293,0,0,0
3722,843,873,1,0,0
3723,921,1308,1,0,0
3724,903,1314,1,0,0
3725,929,1313,1,0,0
3726,917,1302,1,0,0
3727,830,895,1,0,0
3728,941,1337,1,0,0
3729,934,1331,1,0,0
3730,923,1323,1,0,0
3731,1263,1272,0,0,0
3732,854,876,1,0,0
3733,901,1326,1,0,0
3734,855,882,1,0,0
3735,941,1323,1,0,0
3736,838,897,1,0,0
3737,917,1310,1,0,0
3738,831,877,1,0,0
3739,905,1327,1,0,0
3740,1263,1289,0,0,0
3741,937,1330,1,0,0
3742,905,1326,1,0,0
3743,847,888,1,0,0
3744,918,1309,1,0,0
3745,1262,1272,0,0,0
3746,835,887,1,0,0
3747,830,889,1,0,0
3748,825,885,1,0,0
3749,925,1314,1,0,0
3750,919,1342,1,0,0
3751,1262,1298,0,0,0
3752,908,1321,1,0,0
3753,845,883,1,0,0
3754,914,1335,1,0,0
3755,937,1348,1,0,0
3756,849,885,1,0,0
3757,932,1303,1,0,0
3758,1239,1292,0,0,0
3759,1228,1296,0,0,0
3760,1230,1298,0,0,0
3761,1258,1295,0,0,0
3762,832,892,1,0,0
3763,1239,1276,0,0,0
3764,932,1320,1,0,0
3765,1226,1297,0,0,0
3766,922,1340,1,0,0
3767,848,888,1,0,0
3768,925,1333,1,0,0
3769,934,1342,1,0,0
3770,918,1337,1,0,0
3771,914,1312,1,0,0
3772,904,1346,1,0,0
3773,847,889,1,0,0
3774,1243,1296,0,0,0
3775,1226,1283,0,0,0
3776,945,1315,1,0,0
3777,944,1325,1,0,0
3778,924,1329,1,0,0
3779,846,899,1,0,0
3780,932,1343,1,0,0
3781,844,891,1,0,0
3782,842,885,1,0,0
3783,917,1346,1,0,0
3784,917,1329,1,0,0
3785,903,1313,1,0,0
3786,846,884,1,0,0
3787,1239,1283,0,0,0
3788,928,1335,1,0,0
3789,854,899,1,0,0
3790,931,1305,1,0,0
3791,924,1321,1,0,0
3792,904,1310,1,0,0
3793,912,1341,1,0,0
3794,923,1319,1,0,0
3795,1262,1282,0,0,0
3796,833,866,1,0,0
3797,1260,1286,0,0,0
3798,1260,1281,0,0,0
3799,1256,1299,0,0,0
3800,935,1345,1,0,0
3801,930,1347,1,0,0
3802,841,884,1,0,0
3803,937,1333,1,0,0
3804,861,885,1,0,0
3805,913,1327,1,0,0
3806,1242,1267,0,0,0
3807,840,885,1,0,0
3808,941,1314,1,0,0
3809,851,888,1,0,0
3810,929,1338,1,0,0
3811,1228,1287,0,0,0
3812,1243,1275,0,0,0
3813,935,1303,1,0,0
3814,855,871,1,0,0
3815,926,1333,1,0,0
3816,911,1312,1,0,0
3817,922,1305,1,0,0
3818,861,886,1,0,0
3819,1249,1296,0,0,0
3820,833,891,1,0,0
3821,851,879,1,0,0
3822,1247,1268,0,0,0
3823,919,1318,1,0,0
3824,946,1315,1,0,0
3825,1252,1291,0,0,0
3826,841,891,1,0,0
3827,1261,1297,0,0,0
3828,911,1313,1,0,0
3829,918,1308,1,0,0
3830,911,1343,1,0,0
3831,839,885,1,0,0
3832,1260,1285,0,0,0
3833,932,1330,1,0,0
3834,925,1315,1,0,0
3835,943,1312,1,0,0
3836,909,1348,1,0,0
3837,1247,1282,0,0,0
3838,906,1306,1,0,0
3839,910,1328,1,0,0
3840,1226,1287,0,0,0
3841,921,1339,1,0,0
3842,1258,1290,0,0,0
3843,1259,1278,0,0,0
3844,903,1316,1,0,0
3845,1238,1296,0,0,0
3846,1258,1293,0,0,0
3847,1255,1281,0,0,0
3848,937,1321,1,0,0
3849,940,1309,1,0,0
3850,1259,1298,0,0,0
3851,832,882,1,0,0
3852,1239,1299,0,0,0
3853,911,1327,1,0,0
3854,944,1313,1,0,0
3855,863,870,1,0,0
3856,932,1308,1,0,0
3857,859,883,1,0,0
3858,1225,1271,0,0,0
3859,830,873,1,0,0
3860,852,895,1,0,0
3861,930,1336,1,0,0
3862,857,871,1,0,0
3863,925,1308,1,0,0
3864,859,868,1,0,0
3865,945,1344,1,0,0
3866,929,1308,1,0,0
3867,938,1314,1,0,0
3868,913,1339,1,0,0
3869,1227,1273,0,0,0
3870,837,888,1,0,0
3871,845,886,1,0,0
3872,933,1341,1,0,0
3873,1256,1289,0,0,0
3874,902,1316,1,0,0
3875,909,1310,1,0,0
3876,941,1318,1,0,0
3877,937,1316,1,0,0
3878,939,1322,1,0,0
3879,834,872,1,0,0
3880,931,1308,1,0,0
3881,927,1301,1,0,0
3882,1231,1268,0,0,0
3883,1233,1280,0,0,0
3884,1261,1281,0,0,0
3885,921,1318,1,0,0
3886,932,1317,1,0,0
3887,920,1306,1,0,0
3888,1261,1274,0,0,0
3889,847,874,1,0,0
3890,917,1304,1,0,0
3891,1244,1268,0,0,0
3892,1248,1299,0,0,0
3893,941,1347,1,0,0
3894,843,894,1,0,0
3895,945,1334,1,0,0
3896,909,1343,1,0,0
3897,916,1315,1,0,0
3898,1238,1285,0,0,0
3899,938,1310,1,0,0
3900,920,1333,1,0,0
3901,930,1317,1,0,0
3902,829,874,1,0,0
3903,1242,1289,0,0,0
3904,907,1321,1,0,0
3905,944,1309,1,0,0
3906,832,891,1,0,0
3907,1245,1272,0,0,0
3908,944,1338,1,0,0
3909,836,878,1,0,0
3910,828,880,1,0,0
3911,857,881,1,0,0
3912,838,895,1,0,0
3913,911,1318,1,0,0
3914,902,1338,1,0,0
3915,916,1320,1,0,0
3916,834,867,1,0,0
3917,910,1349,1,0,0
3918,926,1349,1,0,0
3919,928,1318,1,0,0
3920,862,880,1,0,0
3921,943,1323,1,0,0
3922,942,1346,1,0,0
3923,864,897,1,0,0
3924,918,1323,1,0,0
3925,1251,1268,0,0,0
3926,826,868,1,0,0
3927,843,884,1,0,0
3928,904,1315,1,0,0
3929,848,870,1,0,0
3930,1236,1268,0,0,0
3931,1251,1266,0,0,0
3932,931,1342,1,0,0
3933,1229,1289,0,0,0
3934,848,895,1,0,0
3935,1238,1287,0,0,0
3936,1237,1287,0,0,0
3937,1260,1274,0,0,0
3938,931,1310,1,0,0
3939,927,1314,1,0,0
3940,854,871,1,0,0
3941,936,1303,1,0,0
3942,929,1318,1,0,0
3943,904,1332,1,0,0
3944,903,1307,1,0,0
3945,940,1346,1,0,0
3946,942,1339,1,0,0
3947,933,1350,1,0,0
3948,914,1336,1,0,0
3949,1262,1297,0,0,0
3950,1246,1282,0,0,0
3951,1234,1277,0,0,0
3952,862,888,1,0,0
3953,912,1314,1,0,0
3954,924,1307,1,0,0
3955,919,1338,1,0,0
3956,927,1317,1,0,0
3957,901,1334,1,0,0
3958,836,876,1,0,0
3959,847,878,1,0,0
3960,937,1325,1,0,0
3961,1259,1283,0,0,0
3962,853,891,1,0,0
3963,1262,1271,0,0,0
3964,1234,1274,0,0,0
3965,829,875,1,0,0
3966,1227,1286,0,0,0
3967,930,1341,1,0,0
3968,935,1343,1,0,0
3969,932,1326,1,0,0
3970,912,1305,1,0,0
3971,1244,1284,0,0,0
3972,912,1316,1,0,0
3973,833,899,1,0,0
3974,942,1310,1,0,0
3975,1264,1289,0,0,0
3976,826,869,1,0,0
3977,913,1346,1,0,0
3978,1226,1278,0,0,0
3979,854,870,1,0,0
3980,862,879,1,0,0
3981,938,1341,1,0,0
3982,943,1314,1,0,0
3983,921,1340,1,0,0
3984,856,889,1,0,0
3985,909,1335,1,0,0
3986,930,1348,1,0,0
3987,935,1313,1,0,0
3988,835,880,1,0,0
3989,1242,1284,0,0,0
3990,936,1336,1,0,0
3991,845,870,1,0,0
3992,1237,1278,0,0,0
3993,844,888,1,0,0
3994,1230,1289,0,0,0
3995,942,1312,1,0,0
3996,1226,1281,0,0,0
3997,1263,1269,0,0,0
3998,927,1306,1,0,0
3999,1257,1297,0,0,0
4000,933,1343,1,0,0
4001,855,878,1,0,0
4002,1255,1282,0,0,0
4003,844,876,1,0,0
4004,1262,1266,0,0,0
4005,920,1316,1,0,0
4006,826,891,1,0,0
4007,1245,1283,0,0,0
4008,831,886,1,0,0
4009,919,1309,1,0,0
4010,937,1308,1,0,0
4011,863,883,1,0,0
4012,839,867,1,0,0
4013,905,1302,1,0,0
4014,917,1321,1,0,0
4015,840,869,1,0,0
4016,925,1309,1,0,0
4017,1257,1274,0,0,0
4018,848,875,1,0,0
4019,943,1330,1,0,0
4020,941,1350,1,0,0
4021,910,1334,1,0,0
4022,938,1325,1,0,0
4023,1261,1295,0,0,0
4024,940,1330,1,0,0
4025,938,1346,1,0,0
4026,1244,1279,0,0,0
4027,825,870,1,0,0
4028,903,1304,1,0,0
4029,1258,1285,0,0,0
4030,1262,1294,0,0,0
4031,837,869,1,0,0
4032,864,875,1,0,0
4033,917,1314,1,0,0
4034,908,1316,1,0,0
4035,826,878,1,0,0
4036,850,890,1,0,0
4037,915,1344,1,0,0
4038,1262,1296,0,0,0
4039,910,1303,1,0,0
4040,913,1335,1,0,0
4041,905,1303,1,0,0
4042,940,1334,1,0,0
4043,1244,1293,0,0,0
4044,1250,1273,0,0,0
4045,1259,1295,0,0,0
4046,839,870,1,0,0
4047,925,1341,1,0,0
4048,938,1348,1,0,0
4049,828,870,1,0,0
4050,826,880,1,0,0
4051,908,1333,1,0,0
4052,939,1332,1,0,0
4053,908,1312,1,0,0
4054,934,1332,1,0,0
4055,935,1332,1,0,0
4056,1225,1285,0,0,0
4057,927,1323,1,0,0
4058,940,1339,1,0,0
4059,826,876,1,0,0
4060,1264,1286,0,0,0
4061,1241,1288,0,0,0
4062,942,1304,1,0,0
4063,940,1316,1,0,0
4064,1246,1271,0,0,0
4065,839,878,1,0,0
4066,1229,1291,0,0,0
4067,909,1336,1,0,0
4068,945,1320,1,0,0
4069,1238,1268,0,0,0
4070,935,1339,1,0,0
4071,853,879,1,0,0
4072,836,872,1,0,0
4073,908,1325,1,0,0
4074,926,1344,1,0,0
4075,924,1338,1,0,0
4076,933,1311,1,0,0
4077,908,1338,1,0,0
4078,841,889,1,0,0
4079,1251,1283,0,0,0
4080,918,1311,1,0,0
4081,860,896,1,0,0
4082,1228,1278,0,0,0
4083,945,1340,1,0,0
4084,903,1308,1,0,0
4085,833,877,1,0,0
4086,923,1329,1,0,0
4087,913,1317,1,0,0
4088,1225,1297,0,0,0
4089,919,1304,1,0,0
4090,904,1350,1,0,0
4091,1232,1272,0,0,0
4092,864,888,1,0,0
4093,944,1303,1,0,0
4094,1237,1292,0,0,0
4095,830,890,1,0,0
4096,903,1342,1,0,0
4097,828,882,1,0,0
4098,906,1312,1,0,0
4099,940,1336,1,0,0
4100,1259,1270,0,0,0
4101,936,1323,1,0,0
4102,933,1345,1,0,0
4103,943,1310,1,0,0
4104,1263,1298,0,0,0
4105,933,1336,1,0,0
4106,1256,1277,0,0,0
4107,854,880,1,0,0
4108,827,883,1,0,0
4109,915,1339,1,0,0
4110,904,1311,1,0,0
4111,1262,1281,0,0,0
4112,933,1333,1,0,0
4113,1260,1282,0,0,0
4114,1253,1279,0,0,0
4115,906,1333,1,0,0
4116,1244,1274,0,0,0
4117,1257,1285,0,0,0
4118,1230,1281,0,0,0
4119,1225,1291,0,0,0
4120,837,885,1,0,0
4121,912,1339,1,0,0
4122,839,886,1,0,0
4123,857,892,1,0,0
4124,850,898,1,0,0
4125,1229,1288,0,0,0
4126,934,1302,1,0,0
4127,1247,1266,0,0,0
4128,928,1329,1,0,0
4129,827,870,1,0,0
4130,860,887,1,0,0
4131,915,1333,1,0,0
4132,1249,1268,0,0,0
4133,922,1333,1,0,0
4134,1252,1294,0,0,0
4135,910,1345,1,0,0
4136,1234,1272,0,0,0
4137,844,881,1,0,0
4138,931,1349,1,0,0
4139,903,1333,1,0,0
4140,930,1311,1,0,0
4141,827,872,1,0,0
4142,1242,1293,0,0,0
4143,840,886,1,0,0
4144,864,895,1,0,0
4145,909,1331,1,0,0
4146,855,887,1,0,0
4147,903,1339,1,0,0
4148,838,871,1,0,0
4149,903,1349,1,0,0
4150,931,1316,1,0,0
4151,1264,1269,0,0,0
4152,1258,1287,0,0,0
4153,1261,1299,0,0,0
4154,945,1350,1,0,0
4155,942,1313,1,0,0
4156,935,1323,1,0,0
4157,944,1344,1,0,0
4158,926,1339,1,0,0
4159,1237,1293,0,0,0
4160,927,1319,1,0,0
4161,921,1315,1,0,0
4162,915,1314,1,0,0
4163,833,874,1,0,0
4164,835,899,1,0,0
4165,941,1342,1,0,0
4166,1232,1289,0,0,0
4167,1230,1273,0,0,0
4168,1243,1282,0,0,0
4169,939,1305,1,0,0
4170,902,1330,1,0,0
4171,908,1344,1,0,0
4172,908,1307,1,0,0
4173,919,1346,1,0,0
4174,946,1329,1,0,0
4175,1253,1272,0,0,0
4176,1251,1296,0,0,0
4177,930,1305,1,0,0
4178,856,890,1,0,0
4179,925,1340,1,0,0
4180,920,1328,1,0,0
4181,1252,1279,0,0,0
4182,919,1308,1,0,0
4183,910,1302,1,0,0
4184,933,1322,1,0,0
4185,913,1343,1,0,0
4186,856,892,1,0,0
4187,934,1344,1,0,0
4188,920,1309,1,0,0
4189,941,1331,1,0,0
4190,941,1310,1,0,0
4191,912,1324,1,0,0
4192,861,867,1,0,0
4193,921,1338,1,0,0
4194,1227,1272,0,0,0
4195,937,1311,1,0,0
4196,1239,1278,0,0,0
4197,946,1312,1,0,0
4198,934,1301,1,0,0
4199,946,1328,1,0,0
4200,920,1304,1,0,0
4201,1233,1286,0,0,0
4202,921,1319,1,0,0
4203,1245,1271,0,0,0
4204,925,1322,1,0,0
4205,902,1305,1,0,0
4206,856,871,1,0,0
4207,1253,1285,0,0,0
4208,831,897,1,0,0
4209,852,892,1,0,0
4210,902,1310,1,0,0
4211,1248,1273,0,0,0
4212,1245,1277,0,0,0
4213,1237,1280,0,0,0
4214,826,889,1,0,0
4215,931,1320,1,0,0
4216,936,1302,1,0,0
4217,833,888,1,0,0
4218,940,1303,1,0,0
4219,852,873,1,0,0
4220,937,1312,1,0,0
4221,915,1331,1,0,0
4222,842,891,1,0,0
4223,1241,1284,0,0,0
4224,863,885,1,0,0
4225,924,1311,1,0,0
4226,851,869,1,0,0
4227,943,1350,1,0,0
4228,833,870,1,0,0
4229,919,1321,1,0,0
4230,917,1309,1,0,0
4231,1240,1287,0,0,0
4232,856,879,1,0,0
4233,856,887,1,0,0
4234,830,894,1,0,0
4235,1252,1299,0,0,0
4236,914,1347,1,0,0
4237,1233,1295,0,0,0
4238,907,1336,1,0,0
4239,1243,1286,0,0,0
4240,912,1310,1,0,0
4241,1229,1281,0,0,0
4242,1256,1274,0,0,0
4243,862,878,1,0,0
4244,833,885,1,0,0
4245,1256,1272,0,0,0
4246,842,866,1,0,0
4247,1256,1270,0,0,0
4248,932,1329,1,0,0
4249,944,1337,1,0,0
4250,1236,1291,0,0,0
4251,862,887,1,0,0
4252,930,1325,1,0,0
4253,852,878,1,0,0
4254,901,1328,1,0,0
4255,1230,1270,0,0,0
4256,1261,1270,0,0,0
4257,943,1342,1,0,0
4258,847,885,1,0,0
4259,933,1340,1,0,0
4260,1248,1281,0,0,0
4261,928,1313,1,0,0
4262,1234,1275,0,0,0
4263,853,870,1,0,0
4264,935,1326,1,0,0
4265,1247,1299,0,0,0
4266,1259,1266,0,0,0
4267,1251,1289,0,0,0
4268,931,1332,1,0,0
4269,924,1336,1,0,0
4270,860,892,1,0,0
4271,908,1334,1,0,0
4272,938,1336,1,0,0
4273,926,1305,1,0,0
4274,943,1327,1,0,0
4275,826,894,1,0,0
4276,849,887,1,0,0
4277,915,1330,1,0,0
4278,939,1336,1,0,0
4279,932,1336,1,0,0
4280,1242,1270,0,0,0
4281,941,1339,1,0,0
4282,934,1327,1,0,0
4283,941,1333,1,0,0
4284,850,893,1,0,0
4285,902,1321,1,0,0
4286,858,872,1,0,0
4287,936,1326,1,0,0
4288,923,1334,1,0,0
4289,1261,1292,0,0,0
4290,912,1335,1,0,0
4291,845,869,1,0,0
4292,1232,1277,0,0,0
4293,840,884,1,0,0
4294,945,1311,1,0,0
4295,1241,1298,0,0,0
4296,1249,1293,0,0,0
4297,941,1325,1,0,0
4298,852,899,1,0,0
4299,944,1335,1,0,0
4300,844,896,1,0,0
4301,943,1308,1,0,0
4302,923,1338,1,0,0
4303,942,1341,1,0,0
4304,1263,1273,0,0,0
4305,909,1320,1,0,0
4306,1246,1268,0,0,0
4307,842,875,1,0,0
4308,919,1302,1,0,0
4309,1256,1294,0,0,0
4310,848,897,1,0,0
4311,915,1329,1,0,0
4312,920,1329,1,0,0
4313,942,1344,1,0,0
4314,828,883,1,0,0
4315,1264,1275,0,0,0
4316,849,879,1,0,0
4317,909,1307,1,0,0
4318,857,893,1,0,0
4319,1229,1294,0,0,0
4320,931,1303,1,0,0
4321,835,889,1,0,0
4322,902,1317,1,0,0
4323,924,1341,1,0,0
4324,918,1319,1,0,0
4325,925,1307,1,0,0
4326,945,1317,1,0,0
4327,913,1338,1,0,0
4328,1243,1279,0,0,0
4329,936,1337,1,0,0
4330,850,889,1,0,0
4331,1260,1269,0,0,0
4332,1233,1284,0,0,0
4333,834,892,1,0,0
4334,1253,1296,0,0,0
4335,830,876,1,0,0
4336,855,872,1,0,0
4337,946,1324,1,0,0
4338,923,1311,1,0,0
4339,844,895,1,0,0
4340,906,1327,1,0,0
4341,854,884,1,0,0
4342,840,899,1,0,0
4343,838,899,1,0,0
4344,838,869,1,0,0
4345,858,890,1,0,0
4346,927,1340,1,0,0
4347,908,1341,1,0,0
4348,909,1301,1,0,0
4349,839,892,1,0,0
4350,1252,1277,0,0,0
4351,846,878,1,0,0
4352,851,898,1,0,0
4353,934,1339,1,0,0
4354,908,1324,1,0,0
4355,926,1346,1,0,0
4356,935,1308,1,0,0
4357,861,884,1,0,0
4358,1225,1294,0,0,0
4359,1242,1277,0,0,0
4360,864,892,1,0,0
4361,1240,1298,0,0,0
4362,1235,1284,0,0,0
4363,1251,1297,0,0,0
4364,943,1326,1,0,0
4365,915,1341,1,0,0
4366,918,1306,1,0,0
4367,918,1345,1,0,0
4368,939,1326,1,0,0
4369,848,883,1,0,0
4370,1234,1273,0,0,0
4371,832,887,1,0,0
4372,908,1332,1,0,0
4373,930,1310,1,0,0
4374,1257,1280,0,0,0
4375,828,877,1,0,0
4376,930,1345,1,0,0
4377,864,898,1,0,0
4378,1236,1298,0,0,0
4379,943,1302,1,0,0
4380,834,896,1,0,0
4381,1255,1283,0,0,0
4382,909,1317,1,0,0
4383,930,1346,1,0,0
4384,1251,1287,0,0,0
4385,921,1327,1,0,0
4386,1234,1289,0,0,0
4387,906,1322,1,0,0
4388,1245,1289,0,0,0
4389,1238,1280,0,0,0
4390,1259,1281,0,0,0
4391,833,869,1,0,0
4392,1243,1267,0,0,0
4393,1262,1288,0,0,0
4394,904,1313,1,0,0
4395,927,1344,1,0,0
4396,1263,1292,0,0,0
4397,930,1344,1,0,0
4398,906,1347,1,0,0
4399,944,1306,1,0,0
4400,1241,1296,0,0,0
4401,860,882,1,0,0
4402,1259,1279,0,0,0
4403,920,1349,1,0,0
4404,1258,1298,0,0,0
4405,901,1308,1,0,0
4406,1242,1279,0,0,0
4407,923,1344,1,0,0
4408,1255,1284,0,0,0
4409,837,883,1,0,0
4410,921,1333,1,0,0
4411,925,1339,1,0,0
4412,1229,1286,0,0,0
4413,1240,1284,0,0,0
4414,913,1319,1,0,0
4415,907,1342,1,0,0
4416,1237,1297,0,0,0
4417,917,1340,1,0,0
4418,907,1327,1,0,0
4419,1245,1284,0,0,0
4420,1257,1293,0,0,0
4421,921,1311,1,0,0
4422,1261,1273,0,0,0
4423,909,1338,1,0,0
4424,927,1310,1,0,0
4425,858,867,1,0,0
4426,849,893,1,0,0
4427,855,891,1,0,0
4428,922,1345,1,0,0
4429,839,881,1,0,0
4430,902,1311,1,0,0
4431,926,1350,1,0,0
4432,1245,1286,0,0,0
4433,939,1345,1,0,0
4434,826,867,1,0,0
4435,863,888,1,0,0
4436,844,889,1,0,0
4437,905,1331,1,0,0
4438,1225,1275,0,0,0
4439,850,869,1,0,0
4440,904,1309,1,0,0
4441,938,1342,1,0,0
4442,1238,1279,0,0,0
4443,912,1330,1,0,0
4444,940,1318,1,0,0
4445,945,1343,1,0,0
4446,839,866,1,0,0
4447,826,866,1,0,0
4448,1232,1266,0,0,0
4449,937,1301,1,0,0
4450,946,1316,1,0,0
4451,852,894,1,0,0
4452,903,1330,1,0,0
4453,841,867,1,0,0
4454,844,869,1,0,0
4455,836,888,1,0,0
4456,905,1314,1,0,0
4457,847,884,1,0,0
4458,917,1316,1,0,0
4459,930,1323,1,0,0
4460,937,1307,1,0,0
4461,854,873,1,0,0
4462,1229,1277,0,0,0
4463,910,1340,1,0,0
4464,862,894,1,0,0
4465,859,880,1,0,0
4466,932,1331,1,0,0
4467,909,1342,1,0,0
4468,834,875,1,0,0
4469,929,1317,1,0,0
4470,941,1309,1,0,0
4471,1232,1281,0,0,0
4472,1249,1279,0,0,0
4473,927,1309,1,0,0
4474,1241,1275,0,0,0
4475,914,1306,1,0,0
4476,1243,1297,0,0,0
4477,916,1310,1,0,0
4478,905,1301,1,0,0
4479,1244,1271,0,0,0
4480,904,1307,1,0,0
4481,846,870,1,0,0
4482,1234,1282,0,0,0
4483,925,1335,1,0,0
4484,901,1317,1,0,0
4485,930,1331,1,0,0
4486,1228,1292,0,0,0
4487,904,1349,1,0,0
4488,912,1318,1,0,0
4489,917,1334,1,0,0
4490,1230,1280,0,0,0
4491,913,1305,1,0,0
4492,828,876,1,0,0
4493,835,890,1,0,0
4494,1232,1293,0,0,0
4495,1237,1281,0,0,0
4496,1227,1271,0,0,0
4497,852,876,1,0,0
4498,936,1334,1,0,0
4499,913,1340,1,0,0
4500,929,1325,1,0,0
4501,849,870,1,0,0
4502,932,1318,1,0,0
4503,1240,1266,0,0,0
4504,902,1320,1,0,0
4505,1255,1286,0,0,0
4506,918,1340,1,0,0
4507,831,880,1,0,0
4508,910,1311,1,0,0
4509,918,1310,1,0,0
4510,921,1347,1,0,0
4511,1226,1277,0,0,0
4512,930,1319,1,0,0
4513,945,1346,1,0,0
4514,855,875,1,0,0
4515,916,1340,1,0,0
4516,1254,1273,0,0,0
4517,857,880,1,0,0
4518,863,880,1,0,0
4519,1236,1288,0,0,0
4520,828,895,1,0,0
4521,1242,1266,0,0,0
4522,855,893,1,0,0
4523,944,1316,1,0,0
4524,846,886,1,0,0
4525,827,879,1,0,0
4526,911,1344,1,0,0
4527,1263,1283,0,0,0
4528,1240,1299,0,0,0
4529,904,1323,1,0,0
4530,1264,1294,0,0,0
4531,1257,1273,0,0,0
4532,1236,1272,0,0,0
4533,944,1333,1,0,0
4534,862,876,1,0,0
4535,832,866,1,0,0
4536,858,898,1,0,0
4537,912,1338,1,0,0
4538,1252,1293,0,0,0
4539,937,1345,1,0,0
4540,1252,1272,0,0,0
4541,933,1318,1,0,0
4542,1234,1278,0,0,0
4543,853,899,1,0,0
4544,831,888,1,0,0
4545,1240,1275,0,0,0
4546,844,880,1,0,0
4547,1249,1298,0,0,0
4548,916,1335,1,0,0
4549,1246,1266,0,0,0
4550,928,1338,1,0,0
4551,910,1313,1,0,0
4552,1256,1281,0,0,0
4553,913,1314,1,0,0
4554,932,1315,1,0,0
4555,857,890,1,0,0
4556,924,1302,1,0,0
4557,915,1321,1,0,0
4558,1252,1287,0,0,0
4559,906,1346,1,0,0
4560,1252,1268,0,0,0
4561,901,1332,1,0,0
4562,941,1348,1,0,0
4563,1240,1276,0,0,0
4564,905,1321,1,0,0
4565,941,1334,1,0,0
4566,914,1324,1,0,0
4567,941,1326,1,0,0
4568,858,883,1,0,0
4569,850,880,1,0,0
4570,945,1318,1,0,0
4571,1227,1291,0,0,0
4572,909,1329,1,0,0
4573,940,1333,1,0,0
4574,1237,1299,0,0,0
4575,919,1315,1,0,0
4576,854,883,1,0,0
4577,924,1316,1,0,0
4578,860,881,1,0,0
4579,910,1314,1,0,0
4580,902,1319,1,0,0
4581,940,1343,1,0,0
4582,835,868,1,0,0
4583,907,1313,1,0,0
4584,938,1331,1,0,0
4585,902,1334,1,0,0
4586,938,1333,1,0,0
4587,935,1349,1,0,0
4588,901,1335,1,0,0
4589,917,1339,1,0,0
4590,1229,1274,0,0,0
4591,1236,1279,0,0,0
4592,843,883,1,0,0
4593,926,1320,1,0,0
4594,832,879,1,0,0
4595,843,893,1,0,0
4596,1262,1270,0,0,0
4597,827,871,1,0,0
4598,1240,1291,0,0,0
4599,1247,1276,0,0,0
4600,1249,1273,0,0,0
4601,1227,1293,0,0,0
4602,1234,1283,0,0,0
4603,904,1338,1,0,0
4604,1237,1270,0,0,0
4605,826,870,1,0,0
4606,1243,1295,0,0,0
4607,1254,1290,0,0,0
4608,1254,1281,0,0,0
4609,1237,1272,0,0,0
4610,1238,1289,0,0,0
4611,941,1305,1,0,0
4612,1251,1288,0,0,0
4613,902,1344,1,0,0
4614,946,1311,1,0,0
4615,941,1344,1,0,0
4616,908,1345,1,0,0
4617,1228,1295,0,0,0
4618,1226,1273,0,0,0
4619,945,1309,1,0,0
4620,1240,1285,0,0,0
4621,844,887,1,0,0
4622,1233,1298,0,0,0
4623,904,1337,1,0,0
4624,1235,1269,0,0,0
4625,920,1325,1,0,0
4626,933,1306,1,0,0
4627,1264,1277,0,0,0
4628,913,1350,1,0,0
4629,930,1332,1,0,0
4630,1253,1273,0,0,0
4631,1235,1289,0,0,0
4632,941,1328,1,0,0
4633,831,874,1,0,0
4634,906,1319,1,0,0
4635,1262,1283,0,0,0
4636,1250,1282,0,0,0
4637,1264,1297,0,0,0
4638,920,1321,1,0,0
4639,924,1312,1,0,0
4640,1257,1295,0,0,0
4641,854,881,1,0,0
4642,857,889,1,0,0
4643,1263,1293,0,0,0
4644,831,885,1,0,0
4645,1246,1270,0,0,0
4646,1248,1275,0,0,0
4647,1249,1294,0,0,0
4648,924,1331,1,0,0
4649,1245,1281,0,0,0
4650,1238,1267,0,0,0
4651,910,1343,1,0,0
4652,939,1308,1,0,0
4653,938,1350,1,0,0
4654,1262,1276,0,0,0
4655,825,867,1,0,0
4656,830,869,1,0,0
4657,1235,1287,0,0,0
4658,1243,1280,0,0,0
4659,902,1328,1,0,0
4660,928,1331,1,0,0
4661,840,896,1,0,0
4662,933,1344,1,0,0
4663,940,1338,1,0,0
4664,943,1320,1,0,0
4665,1229,1290,0,0,0
4666,915,1311,1,0,0
4667,922,1344,1,0,0
4668,922,1302,1,0,0
4669,827,875,1,0,0
4670,843,899,1,0,0
4671,922,1326,1,0,0
4672,1255,1295,0,0,0
4673,861,871,1,0,0
4674,1231,1288,0,0,0
4675,939,1335,1,0,0
4676,901,1331,1,0,0
4677,924,1323,1,0,0
4678,901,1343,1,0,0
4679,910,1332,1,0,0
4680,1229,1296,0,0,0
4681,914,1303,1,0,0
4682,920,1334,1,0,0
4683,927,1315,1,0,0
4684,941,1327,1,0,0
4685,934,1313,1,0,0
4686,946,1318,1,0,0
4687,1254,1298,0,0,0
4688,943,1306,1,0,0
4689,929,1344,1,0,0
4690,919,1345,1,0,0
4691,940,1312,1,0,0
4692,929,1340,1,0,0
4693,932,1302,1,0,0
4694,905,1347,1,0,0
4695,905,1317,1,0,0
4696,851,882,1,0,0
4697,925,1320,1,0,0
4698,944,1308,1,0,0
4699,928,1301,1,0,0
4700,915,1317,1,0,0
4701,915,1313,1,0,0
4702,842,889,1,0,0
4703,864,870,1,0,0
4704,832,868,1,0,0
4705,1243,1276,0,0,0
4706,852,872,1,0,0
4707,919,1335,1,0,0
4708,922,1336,1,0,0
4709,907,1325,1,0,0
4710,933,1347,1,0,0
4711,1251,1286,0,0,0
4712,911,1334,1,0,0
4713,1264,1268,0,0,0
4714,1255,1274,0,0,0
4715,1253,1283,0,0,0
4716,939,1319,1,0,0
4717,903,1338,1,0,0
4718,852,869,1,0,0
4719,937,1306,1,0,0
4720,1242,1274,0,0,0
4721,1232,1290,0,0,0
4722,920,1322,1,0,0
4723,1226,1276,0,0,0
4724,937,1324,1,0,0
4725,942,1333,1,0,0
4726,901,1311,1,0,0
4727,926,1312,1,0,0
4728,921,1345,1,0,0
4729,1236,1299,0,0,0
4730,924,1345,1,0,0
4731,826,883,1,0,0
4732,1256,1266,0,0,0
4733,849,881,1,0,0
4734,832,896,1,0,0
4735,927,1318,1,0,0
4736,945,1313,1,0,0
4737,1263,1290,0,0,0
4738,1230,1286,0,0,0
4739,924,1322,1,0,0
4740,1263,1288,0,0,0
4741,1247,1285,0,0,0
4742,831,870,1,0,0
4743,1239,1280,0,0,0
4744,861,866,1,0,0
4745,1234,1284,0,0,0
4746,905,1306,1,0,0
4747,1250,1291,0,0,0
4748,1249,1282,0,0,0
4749,1232,1299,0,0,0
4750,860,888,1,0,0
4751,1256,1284,0,0,0
4752,847,882,1,0,0
4753,942,1334,1,0,0
4754,911,1301,1,0,0
4755,837,872,1,0,0
4756,848,894,1,0,0
4757,946,1321,1,0,0
4758,931,1346,1,0,0
4759,839,898,1,0,0
4760,850,879,1,0,0
4761,843,870,1,0,0
4762,835,877,1,0,0
4763,932,1322,1,0,0
4764,908,1349,1,0,0
4765,1227,1283,0,0,0
4766,863,884,1,0,0
4767,1233,1283,0,0,0
4768,945,1312,1,0,0
4769,1258,1294,0,0,0
4770,862,872,1,0,0
4771,905,1346,1,0,0
4772,904,1304,1,0,0
4773,916,1327,1,0,0
4774,1240,1270,0,0,0
4775,825,878,1,0,0
4776,933,1316,1,0,0
4777,850,872,1,0,0
4778,851,884,1,0,0
4779,920,1336,1,0,0
4780,939,1325,1,0,0
4781,934,1338,1,0,0
4782,825,866,1,0,0
4783,864,867,1,0,0
4784,845,893,1,0,0
4785,939,1320,1,0,0
4786,1246,1297,0,0,0
4787,1252,1280,0,0,0
4788,862,868,1,0,0
4789,914,1313,1,0,0
4790,929,1333,1,0,0
4791,943,1338,1,0,0
4792,863,879,1,0,0
4793,854,889,1,0,0
4794,1235,1271,0,0,0
4795,901,1337,1,0,0
4796,940,1323,1,0,0
4797,941,1301,1,0,0
4798,928,1336,1,0,0
4799,929,1327,1,0,0
4800,937,1338,1,0,0
4801,925,1330,1,0,0
4802,923,1320,1,0,0
4803,928,1347,1,0,0
4804,925,1338,1,0,0
4805,1256,1297,0,0,0
4806,832,897,1,0,0
4807,1240,1297,0,0,0
4808,940,1348,1,0,0
4809,839,889,1,0,0
4810,1231,1273,0,0,0
4811,1228,1280,0,0,0
4812,930,1335,1,0,0
4813,936,1338,1,0,0
4814,1225,1284,0,0,0
4815,919,1333,1,0,0
4816,841,869,1,0,0
4817,849,897,1,0,0
4818,854,885,1,0,0
4819,911,1319,1,0,0
4820,1262,1268,0,0,0
4821,1254,1296,0,0,0
4822,834,879,1,0,0
4823,863,876,1,0,0
4824,940,1319,1,0,0
4825,860,899,1,0,0
4826,916,1332,1,0,0
4827,908,1336,1,0,0
4828,855,883,1,0,0
4829,1237,1271,0,0,0
4830,1261,1286,0,0,0
4831,850,897,1,0,0
4832,927,1338,1,0,0
4833,939,1350,1,0,0
4834,914,1307,1,0,0
4835,926,1342,1,0,0
4836,855,874,1,0,0
4837,1230,1285,0,0,0
4838,925,1319,1,0,0
4839,944,1336,1,0,0
4840,933,1312,1,0,0
4841,859,887,1,0,0
4842,910,1304,1,0,0
4843,919,1336,1,0,0
4844,1257,1296,0,0,0
4845,842,878,1,0,0
4846,930,1339,1,0,0
4847,833,878,1,0,0
4848,1234,1288,0,0,0
4849,930,1349,1,0,0
4850,910,1308,1,0,0
4851,836,891,1,0,0
4852,918,1314,1,0,0
4853,912,1313,1,0,0
4854,1229,1298,0,0,0
4855,901,1340,1,0,0
4856,920,1315,1,0,0
4857,843,869,1,0,0
4858,903,1318,1,0,0
4859,919,1313,1,0,0
4860,918,1305,1,0,0
4861,1240,1274,0,0,0
4862,1225,1290,0,0,0
4863,1244,1292,0,0,0
4864,828,874,1,0,0
4865,1240,1286,0,0,0
4866,847,871,1,0,0
4867,860,878,1,0,0
4868,937,1334,1,0,0
4869,945,1349,1,0,0
4870,1235,1290,0,0,0
4871,852,898,1,0,0
4872,905,1313,1,0,0
4873,915,1320,1,0,0
4874,914,1308,1,0,0
4875,910,1327,1,0,0
4876,834,870,1,0,0
4877,849,866,1,0,0
4878,946,1322,1,0,0
4879,936,1307,1,0,0
4880,862,875,1,0,0
4881,844,872,1,0,0
4882,831,882,1,0,0
4883,860,890,1,0,0
4884,863,872,1,0,0
4885,931,1301,1,0,0
4886,930,1333,1,0,0
4887,1228,1297,0,0,0
4888,842,895,1,0,0
4889,829,866,1,0,0
4890,1229,1268,0,0,0
4891,908,1310,1,0,0
4892,912,1332,1,0,0
4893,945,1323,1,0,0
4894,835,873,1,0,0
4895,904,1334,1,0,0
4896,1249,1278,0,0,0
4897,855,898,1,0,0
4898,1244,1266,0,0,0
4899,931,1317,1,0,0
4900,837,894,1,0,0
4901,913,1311,1,0,0
4902,851,874,1,0,0
4903,915,1312,1,0,0
4904,834,890,1,0,0
4905,943,1313,1,0,0
4906,903,1305,1,0,0
4907,825,874,1,0,0
4908,904,1340,1,0,0
4909,1255,1298,0,0,0
4910,1244,1280,0,0,0
4911,913,1315,1,0,0
4912,903,1317,1,0,0
4913,827,893,1,0,0
4914,853,876,1,0,0
4915,926,1332,1,0,0
4916,827,891,1,0,0
4917,922,1303,1,0,0
4918,827,877,1,0,0
4919,915,1327,1,0,0
4920,925,1324,1,0,0
4921,846,881,1,0,0
4922,845,889,1,0,0
4923,911,1302,1,0,0
4924,914,1346,1,0,0
4925,863,897,1,0,0
4926,841,874,1,0,0
4927,1232,1298,0,0,0
4928,849,888,1,0,0
4929,1258,1292,0,0,0
4930,1244,1288,0,0,0
4931,912,1337,1,0,0
4932,928,1308,1,0,0
4933,1241,1297,0,0,0
4934,916,1347,1,0,0
4935,841,896,1,0,0
4936,849,877,1,0,0
4937,1260,1297,0,0,0
4938,1241,1295,0,0,0
4939,928,1349,1,0,0
4940,908,1323,1,0,0
4941,907,1349,1,0,0
4942,1232,1286,0,0,0
4943,934,1320,1,0,0
4944,1248,1282,0,0,0
4945,1245,1285,0,0,0
4946,929,1348,1,0,0
4947,1248,1298,0,0,0
4948,943,1332,1,0,0
4949,918,1303,1,0,0
4950,904,1344,1,0,0
4951,842,881,1,0,0
4952,940,1301,1,0,0
4953,940,1311,1,0,0
4954,942,1305,1,0,0
4955,859,889,1,0,0
4956,1233,1285,0,0,0
4957,909,1302,1,0,0
4958,1259,1272,0,0,0
4959,903,1337,1,0,0
4960,860,872,1,0,0
4961,838,878,1,0,0
4962,1249,1290,0,0,0
4963,944,1339,1,0,0
4964,917,1323,1,0,0
4965,1246,1281,0,0,0
4966,863,886,1,0,0
4967,934,1324,1,0,0
4968,842,886,1,0,0
4969,1263,1297,0,0,0
4970,917,1301,1,0,0
4971,1230,1294,0,0,0
4972,919,1343,1,0,0
4973,846,877,1,0,0
4974,924,1320,1,0,0
4975,1226,1267,0,0,0
4976,909,1325,1,0,0
4977,932,1321,1,0,0
4978,932,1333,1,0,0
4979,1260,1287,0,0,0
4980,860,871,1,0,0
4981,842,872,1,0,0
4982,914,1338,1,0,0
4983,928,1342,1,0,0
4984,921,1330,1,0,0
4985,863,899,1,0,0
4986,837,878,1,0,0
4987,828,873,1,0,0
4988,932,1311,1,0,0
4989,1253,1293,0,0,0
4990,1248,1297,0,0,0
4991,1244,1290,0,0,0
4992,1235,1291,0,0,0
4993,831,868,1,0,0
4994,934,1325,1,0,0
4995,847,898,1,0,0
4996,1236,1276,0,0,0
4997,851,889,1,0,0
4998,829,898,1,0,0
4999,846,891,1,0,0
